elements,0,1,2,3,4,5,6,7,8,9,10,11,12,13,14,15,16,17,18,19,20,21,22,23,24,25,26,27,28,29,30,31,32,33,34,35,36,element
0,0.0,0.0,0.0,0.0,0.0,0.0,0.0,0.0,0.0,0.0,0.0,0.0,0.0,0.0,0.0,0.0,0.0,0.0,0.0,0.0,0.0,0.0,0.0,0.0,0.0,0.0,0.0,0.0,0.0,0.0,0.0,0.0,0.0,0.0,0.0,0.0,0.0,X
H,0.3830628239704996,0.0329832480148366,0.0325553926010501,0.0321619612659738,0.0320636800184328,0.0296740497223493,0.0340518363516855,0.0256776550012172,0.0365887401779993,0.0840175972967314,0.0344700172068457,0.0827935797119726,0.0899041895530764,0.0508357933975557,0.0985215064153657,0.066272917892415,0.1047934737796104,0.1105685378758467,0.0845072842809413,0.0686135823889009,0.0640555679620597,0.0876650583558623,0.0059241821378001,0.0789214089289698,0.0493421908528915,0.0456371076029414,0.047174524628562,0.040657020380527,0.0389999287819633,0.04015824647596,0.0351970739049932,0.0343535750022515,0.0353049463252182,0.063322899712138,0.0309138948893327,0.0308970888643585,0.0318309849275401,
He,0.0030595238095238,0.0005,0.0005,0.0005,0.0060238095238095,0.0480714285714285,0.0005,0.0005,0.0005,0.0005,0.0005,0.0005,0.0005,0.0005,0.0005,0.0005,0.0005,0.1411190476190476,0.0996309523809523,0.0557857142857142,0.0110238095238095,0.0072619047619047,0.0785238095238095,0.0498095238095238,0.0005,0.0005,0.0005,0.0013095238095238,0.0126904761904761,0.0188809523809523,0.0005,0.0005,0.0005,0.731142857142857,0.0848809523809523,0.1029642857142857,0.3881666666666666,
Li,0.110292346572428,0.0564057083925818,0.0808987145733279,0.083544183901893,0.0769504730595382,0.0750769249721913,0.0900757071254557,0.1002699501597944,0.0728395962098896,0.1435549403747832,0.2195080391963579,0.1367163050670834,0.1871938382586866,0.1703196636490308,0.0692302152702476,0.0918176116124819,0.1029530777028416,0.1166697523476953,0.1970708814957653,0.136521111689917,0.0633614611344969,0.0735203478958682,0.057003952722204,0.1180865656722051,0.0284779098089466,0.0406566939332937,0.0480114393118112,0.0354782301096774,0.0540602974925025,0.0616899066552146,0.0228234826192862,0.0327985625184798,0.0426521639658163,0.1397502428653844,0.0328543441226584,0.0506228652484266,0.0681979810494584,
Be,0.0208101732399557,0.0100890849612974,0.0378396378547732,0.0469134721710284,0.0077101455952819,0.0102245669001106,0.075234818466642,0.0889198995576853,0.0281994793586435,0.0913364126428308,0.4417631081828226,0.0514506081828234,0.1707886795060823,0.1705098368964251,0.0338003133063029,0.0479969360486544,0.0580414670106892,0.0924722862145228,0.0513250322521193,0.0446947567268706,0.0504268337633615,0.0454769627718392,0.0323163011426465,0.0680002764467378,0.0415418125691117,0.0462301188720973,0.1087497235532623,0.0580514421304827,0.0576620208256541,0.1638799069295989,0.0156021701068927,0.0249088186509399,0.0386936048654626,0.2129483505344641,0.0196385458901585,0.035949110762993,0.1315764375230377,
B,0.0979422178230675,0.0308988825425661,0.0927363427879038,0.1364955719982911,0.0342760487657109,0.0132941700381506,0.2584597008574875,0.1548730861873695,0.0497722265492564,0.0659624359057529,0.2080875558007548,0.0553200835839373,0.1011865512068777,0.0983494876066384,0.0736686661185706,0.0666719312289464,0.0745035896381829,0.1802856025039118,0.0963661629273819,0.115409591960361,0.0883015927103798,0.1028628473349007,0.0161885758998442,0.0991027725492695,0.0416790672349485,0.0527979760282089,0.0778979522295017,0.040179088870136,0.0447016201149521,0.0627373325977327,0.0351115852823014,0.0335932710961092,0.0510502801756744,0.0887338962087885,0.0289797656909193,0.0282624366269297,0.0420249724151331,
C,0.1791139624575034,0.0696661803657466,0.1566322084368784,0.1968495455838512,0.0737314825695547,0.1235254423713128,0.2998706529633063,0.3236983114801706,0.0936862483577903,0.0997646771612226,0.2443224944828732,0.0904571348160207,0.1367517415174653,0.1086927625966387,0.077738630781856,0.0771821895175281,0.1041423220467826,0.1013405818219568,0.1009025843084967,0.0807909421115913,0.0784737185980496,0.1056535537767116,0.0135702793948616,0.0908032643463804,0.0666522065096573,0.0605496044569674,0.058918700983098,0.0491745694973536,0.0482821046743601,0.0471544709523774,0.0449995111529931,0.0419366496588603,0.0407005306810205,0.0857681572583319,0.0406551431170062,0.0378976488339309,0.0372473371939668,
N,0.1843774046114587,0.0653242704162794,0.1794459432733739,0.2488037528339432,0.0981159495441561,0.0940306413101111,0.2408577806184179,0.2057809536443155,0.0854464835270809,0.1053236963966968,0.1855713967006058,0.1094460071873004,0.1381196794655361,0.1184075539047768,0.0682083618735182,0.0748666767160245,0.0994153405527905,0.1027617046934495,0.1005809862042303,0.073805997057542,0.0676520392166273,0.0896258381168249,0.0166874294534755,0.0829825599343924,0.0427371545029143,0.048699082292215,0.0535382820413827,0.0370304724808223,0.0436933782740781,0.0481196830833009,0.0317774444069237,0.0364872365057124,0.0411183529496849,0.0858938823500987,0.030890502146541,0.0370992607688933,0.0429803639477071,
O,0.1784890999431045,0.0585921185318427,0.1270655579562747,0.2334364842058482,0.246371632381815,0.1204174480682334,0.1249867181843752,0.1167385277839174,0.1028311415169605,0.0877845696799689,0.0973779136700227,0.104155144753544,0.1124226036135587,0.0972360173596004,0.0548566825794255,0.0538287891099378,0.0740344973860589,0.0807409199164132,0.0672657131911956,0.0549798056315496,0.0597981902879345,0.0753422177650919,0.0051202050798998,0.0860256053952562,0.0542002709534651,0.0411251143112832,0.0600785898392743,0.0529445878796946,0.0429405850966576,0.0635960938930378,0.0424475994560478,0.0370574453566191,0.0557143531488299,0.11238525355307,0.037873026472644,0.0349663817209238,0.0542110543267934,
F,0.2153189980496978,0.048265993572968,0.0708379263323074,0.1119087266980561,0.1524775542941129,0.0898423501989888,0.0676324411604528,0.0642142549457923,0.0614881052425683,0.0609240926316411,0.0598240006659529,0.0649348853864351,0.0717927825434278,0.0637782754847972,0.0588017518406303,0.0602511323935874,0.0690576424014621,0.0888271626471265,0.06881161568913,0.0621889405975607,0.0614748164650242,0.0725809853013407,0.0055740112367272,0.0797672356382839,0.0484234914191742,0.0429813743056287,0.0642680139111267,0.0528485182424999,0.0448882603685989,0.0726251327952766,0.0436609531662057,0.0386818727173712,0.0656328851327376,0.1317733257223761,0.0408623646280905,0.0374957545150365,0.0684214631529387,
Ne,0.1067481481481481,0.050337037037037,0.0669592592592592,0.0549555555555555,0.0234407407407407,0.0050999999999999,0.0324888888888888,0.057637037037037,0.140574074074074,0.145574074074074,0.0599851851851852,0.1362444444444444,0.1151222222222222,0.0869185185185185,0.0631629629629629,0.0642222222222222,0.0693148148148148,0.042361111111111,0.0376333333333333,0.0311685185185185,0.0330481481481481,0.0355333333333333,0.0145981481481481,0.102774074074074,0.0214851851851851,0.0197777777777777,0.0164925925925925,0.0200185185185185,0.0322296296296296,0.0274851851851851,0.0155407407407407,0.0222,0.0222629629629629,0.3523666666666666,0.0223314814814814,0.0712055555555555,0.2152407407407408,
Na,0.1027888031799887,0.0698414407634487,0.0696229964933577,0.0590551614814295,0.0573819152002259,0.0679278277264451,0.0732762577458199,0.0880870294461378,0.0944890297503667,0.125898101372226,0.0931614534129614,0.1362233399516376,0.141285216482789,0.1192515391574405,0.0718093566361857,0.1032524438377602,0.1088661453412908,0.1405829984148033,0.2068375778585468,0.1640988943685602,0.092587936127963,0.1098112280434832,0.033406029334058,0.1330400821417651,0.0320353766032047,0.0568932297087366,0.0567494515875895,0.0362617448321122,0.0596720513826354,0.0544660584759701,0.0230122652234491,0.0355023237474565,0.0346597801546751,0.1139132407570432,0.0304860775303023,0.0507474280659022,0.0519820264839123,
Mg,0.0339970595701474,0.0307881268686195,0.0360681693179903,0.0280130873808318,0.0233329666610264,0.0433388263665601,0.0316651999774367,0.0473717175777071,0.0561131889208545,0.1147645752242297,0.136029245642236,0.1294719883510979,0.1404073482540709,0.1154525476673954,0.0284010443109393,0.0676207092288572,0.06447534833869,0.1458659601173318,0.4455462994302523,0.2492338487899777,0.0655755380210956,0.1006072058159821,0.0554357195238895,0.1439702078749876,0.0204407401139511,0.0372893714390489,0.033634607519604,0.0335784643481705,0.0588280412647363,0.0502291278840188,0.0145486792745531,0.0251876092965542,0.027118837084674,0.2126920446211934,0.0375294783381291,0.063793355474698,0.091234412901221,
Al,0.037705398346655,0.0253983886718716,0.0486915016351679,0.0503956031976677,0.0273682889716538,0.0316840627271032,0.0532875828942518,0.0743790686318964,0.033468663699123,0.1051055743550113,0.4309566167787341,0.067334267123906,0.1768257539971057,0.1694781329487758,0.03464944245094,0.0609082757994121,0.0689138410701239,0.1122848723655486,0.1860721713753797,0.1159474847837898,0.0588791969476678,0.0615669535792083,0.0557367289698344,0.0952298146802257,0.0254220214843718,0.0483981604287732,0.0613878327125662,0.0314180788971619,0.054813675281608,0.0782070074037001,0.0211067927870621,0.0359175792605332,0.0526653910792091,0.2306958655069269,0.0320071152797934,0.0554870707667104,0.1307062545421526,
Si,0.032426677083695,0.0236957307604393,0.0615472822782623,0.0674325332744638,0.0129707432492617,0.0061988055268352,0.0745488283745864,0.1057938018673205,0.0311339837199975,0.1217157544988822,0.6954972263206346,0.0483050379311533,0.2439206011284584,0.2491702390495439,0.0468444696802417,0.0687783622028276,0.0831433948673796,0.0802597044893842,0.0660441591056005,0.0668696225472476,0.0772405956294878,0.0636311819649783,0.0684821535756687,0.0934919800488655,0.027144024148917,0.0574171565381324,0.0773248283513535,0.0279572746881629,0.0515350790571178,0.0728560629823621,0.0195068407743431,0.0332438514353377,0.0476749586610376,0.101104638869846,0.0201306465916151,0.0331196361010055,0.0586821315024082,
P,0.0331927384622713,0.0475494306623831,0.1384904130379433,0.171763613645025,0.0186492673701618,0.0050947670999935,0.1270715088837264,0.2167056707297702,0.0631416609719617,0.1380630780783151,0.6991230273822501,0.0655000874070299,0.2704724647988074,0.2771934178532861,0.0595098948731767,0.0922799011505896,0.1091649966626356,0.0997765419394776,0.0958744100025379,0.0941039349055956,0.0828762038331906,0.0801277870923605,0.0322716928358009,0.0897035511092694,0.0347546703165711,0.0541969121479846,0.0694076107685418,0.0339271382938136,0.0476158023965388,0.0582404388627512,0.0255256142330437,0.0356770667789697,0.0421477238414569,0.0875675139851196,0.0269313954135152,0.037011275506959,0.0427517183427601,
S,0.0933512201700339,0.1703153688864863,0.2238611304496409,0.140905508861396,0.0146209830978905,0.0093990841232673,0.0844669069507907,0.156127759386998,0.124956340826939,0.1333472297783286,0.2704499725675212,0.1381595096267369,0.1972583761341999,0.1898982380956911,0.0700437018202214,0.1173122095382075,0.126157358826348,0.0776810256989462,0.1013282644677566,0.0877724220363612,0.0669947255827616,0.0728495626936348,0.0110562020507534,0.070293133575532,0.0316749202382667,0.047949714379236,0.0488037215992862,0.0289955024527849,0.0434438890067077,0.0466190236334411,0.0244732763628625,0.0356793175070034,0.0412130617899773,0.0889991816354316,0.0237135274509416,0.0341708722152509,0.0413395705775991,
Cl,0.1788254034954532,0.1445619114749917,0.1254445973178563,0.086338007645172,0.0450893609138039,0.0413953283992098,0.049049736575753,0.0660763004030392,0.0890141110448359,0.0772076465325551,0.0723385453378831,0.0820630207486076,0.0907401317573014,0.0788030869887356,0.0541490606192022,0.0633026780711706,0.0754500239476543,0.0664532659184112,0.0688218746046334,0.0580786115780116,0.0453368690017869,0.0538505123895211,0.0100326072222525,0.0597795279148327,0.0303928274503428,0.0345388110213446,0.0454298423972938,0.0313292080102661,0.0352446524426607,0.0484449136076895,0.0270187040250146,0.0306361469572922,0.0460144657412907,0.1046938201485604,0.0279037281534103,0.0330349319525022,0.0529155528746197,
Ar,0.0229803370786517,0.0557359550561797,0.0775898876404494,0.0970112359550561,0.1172415730337078,0.0445814606741572,0.0508876404494382,0.1197696629213484,0.1228258426966291,0.0399325842696628,0.0865112359550562,0.033876404494382,0.0576629213483145,0.0574662921348314,0.0169213483146067,0.0227247191011235,0.0216460674157303,0.1173370786516854,0.1301460674157304,0.1022752808988765,0.0719550561797752,0.0599157303370786,0.0023904494382022,0.015252808988764,0.0039775280898876,0.0046123595505617,0.0039550561797752,0.0399550561797752,0.0318483146067415,0.034252808988764,0.03,0.0114044943820224,0.0152696629213483,0.0816404494382022,0.0231713483146067,0.0371348314606741,0.041879213483146,
K,0.0899208050891629,0.0694522108666135,0.0668117087287475,0.0599715220565199,0.0518636745228884,0.0464448039420152,0.0552422306809859,0.0596658775680436,0.0801221660235641,0.0917110647617012,0.0643283110856152,0.0989097690061477,0.1013248774637554,0.0871306497027796,0.0664590728960228,0.0647852565439528,0.0709842710397288,0.0921648764208944,0.0989144566690952,0.0949242647825586,0.0826315595995366,0.0922207138387686,0.0266590311815631,0.1191562910626709,0.0371388179163625,0.0663335201793688,0.0798753389300198,0.0334442121180526,0.0558372796954818,0.0660880253415337,0.0231477135259161,0.0347708363750137,0.0414505866096562,0.1161151423506044,0.0271099958285546,0.0484720930232539,0.0591483496714955,
Ca,0.0807171442938969,0.0498146943826046,0.0449443882566972,0.0340032205937197,0.0350760992394884,0.0506003130191068,0.0518689331359522,0.0683459482670907,0.0884029951521538,0.1029969178353041,0.0678457166103501,0.1139444927847346,0.1105298611189533,0.0912068186184173,0.0535190862554079,0.0713371001096093,0.0748217938141958,0.1050178997208775,0.1649928242911817,0.1446293209632351,0.1004091058049741,0.1240670928773975,0.0789684975082744,0.1701874244290464,0.0307421321460464,0.0732098527567117,0.074712375555125,0.0395001864554259,0.0765201258856595,0.0645111901506304,0.0215712768241564,0.0375875182217808,0.0317259020487506,0.1244030036274,0.0265537019877287,0.060081181562381,0.0577478162114494,
Sc,0.0294802804115392,0.0570866115257881,0.0482375428686702,0.0261131396678098,0.0406447448053261,0.0637615997579182,0.0235329668482279,0.0401363391836461,0.0651150225270661,0.0928239862820254,0.0564755060184248,0.1082653318539442,0.1022694001748371,0.0831123159168853,0.0290969000067244,0.0657239761952796,0.0637580021518393,0.1044706643803381,0.3122898258355172,0.1907473438235497,0.0565942942640035,0.0832909690000671,0.0452037354582745,0.0990463822204297,0.0183324591486786,0.0401588326272611,0.031246402393921,0.0188099825163069,0.041789422365678,0.0384503395871157,0.0137256573196153,0.0305740199045121,0.0248552047609441,0.1809266357339795,0.0313108062672315,0.062805964629144,0.079961788043844,
Ti,0.0414263898632064,0.059882571904595,0.0707407883198864,0.0366060768151535,0.023755235005262,0.050008312872677,0.022693313749562,0.0683507760434926,0.0695241450368282,0.0824418055068376,0.0687833304103814,0.0913871930901409,0.0966886311820379,0.0823145606804608,0.033215231497721,0.1120299982462256,0.1044486320589234,0.1495900561206575,0.5335697036127683,0.3006540775166582,0.0609625394598388,0.0938653148018208,0.0516451683619791,0.1260437215012237,0.0209996930901442,0.0479964179235367,0.0352102332514916,0.0265297483339186,0.0631723693440897,0.0518961373202395,0.0136326332865659,0.0286422264117861,0.025054353735532,0.180440249035421,0.0322409549280961,0.0628719089793056,0.0694331287267619,
V,0.0746947533381993,0.0768780537546687,0.1524496962345925,0.096546815293459,0.0216453887767809,0.0601303883474309,0.0467070166587959,0.1126253488471915,0.0633254797990648,0.1003519868189413,0.2391783897213469,0.0822268687475843,0.143239824395686,0.1372779238761722,0.0888290970761232,0.1818664183590191,0.1925538834742997,0.149788217551842,0.3028196352668379,0.2102554795843865,0.0665902601863385,0.087895496114378,0.0370633828517456,0.1150508082521121,0.0267296809926585,0.0529000257610246,0.0469072817826638,0.0272109291142505,0.0538896354815174,0.0489625874801434,0.0173237140955731,0.0332279152891682,0.0319641975441164,0.1466323955605131,0.0253750107337601,0.0445304892447735,0.0680808413120955,
Cr,0.0196805353268139,0.0292942811283183,0.0388241536129365,0.0332688003447966,0.0229247763279138,0.0544002838629145,0.0318052195107454,0.0611066492286667,0.0381053042237617,0.0856130918764687,0.1238149243527618,0.0838712287845922,0.0970269372529209,0.0793264497815308,0.0244305799126117,0.0595811610141793,0.0596803718455558,0.185092344618493,0.4682187825104743,0.2524502868352977,0.0495428989685827,0.068600853074935,0.0372607526082695,0.0993924367624769,0.0139984172041732,0.0278200740124246,0.0274459843057991,0.0250268034955264,0.0473190113842411,0.0549056564515658,0.0120634901762625,0.0229719555330973,0.0268303881936808,0.3450741759058308,0.0534849671551294,0.0848827244894934,0.1546880703266636,
Mn,0.0319168266101902,0.0337697612980803,0.0388942139051589,0.0280097234631636,0.0216603158057304,0.0616213640424862,0.0341729623746658,0.0474299281908719,0.048530471998851,0.1482306247724882,0.1170374516032906,0.1509280971132891,0.1435914904530205,0.1093899836747247,0.0304512778935999,0.0816853938471333,0.0828816583385679,0.1615958833846216,0.4178516689279458,0.234703420585279,0.0541496354390698,0.0727907855984603,0.058981137694825,0.1357698523004232,0.0152730952932488,0.0279060966058892,0.0341809099131902,0.0344241261016808,0.0613114955270937,0.0742713993403668,0.0125937131164722,0.0241718924076475,0.030611607487564,0.2830691259362179,0.0367352907111425,0.0645086727996711,0.1459747482268284,
Fe,0.0442094417064761,0.0372659316865302,0.0482478724259302,0.0366883392865164,0.0184796360768233,0.0314772786644718,0.0530874026013109,0.0659131424796341,0.048136439792411,0.0825952171029761,0.1231722568863508,0.0873267207728528,0.101740451035647,0.0811500655604218,0.0224370017030624,0.0569799500635441,0.0574685473215608,0.1380938116983907,0.3092338296835784,0.17287133703085,0.0479124793396672,0.0639723641442158,0.0353838512858344,0.1177212991012382,0.0253110766981634,0.0347679952073022,0.0629029693096745,0.0471264324074445,0.0618835624180439,0.1279491153109931,0.0200888105178008,0.0275624934062755,0.0562074912209248,0.2935122040361388,0.0348786039396514,0.0584946672494215,0.1692555098390964,
Co,0.0353814654391245,0.0455351740427944,0.0553139294646399,0.0474502790967404,0.0245110007611739,0.034114774004133,0.0532390022593532,0.0650283174453554,0.047729946717894,0.0952320399434512,0.1330524907269751,0.0945848828639389,0.1122360391218675,0.0931218420384892,0.0259140599514309,0.0522700563026314,0.0554393991566669,0.1384410936725943,0.2630626638636115,0.1500739274106785,0.0452014661640505,0.0557499033431179,0.0429787052810904,0.108228762671108,0.0292663017869451,0.0402925713146547,0.0800344158903873,0.0343030223398223,0.0454188958159648,0.1009340769872003,0.0180539617238761,0.0242525372431051,0.0545851607524722,0.3442752123430845,0.0317821293510705,0.0566502742638962,0.2027471244578111,
Ni,0.0408121415451512,0.0431775062163415,0.064585644937584,0.0564754532618589,0.0339616179980263,0.0374833158401125,0.0719366495482965,0.073559536304678,0.0445179118091737,0.0779329353625432,0.1020576495358,0.0759893072684298,0.0888110950756538,0.0733719527433085,0.0280855980807448,0.0412231385338185,0.0444797109869925,0.1397601679349203,0.2185667585060733,0.1251021729079935,0.0462612019092599,0.0550771825917443,0.0429651135185119,0.094786298434352,0.0274854150266781,0.0360947070510187,0.0784834033062151,0.0277901813047454,0.0378598168209828,0.0762149479576628,0.0193483743799284,0.0250573996326432,0.0622618516574806,0.3587997807099765,0.0345306631180424,0.0568406273818884,0.2031575764391258,
Cu,0.0594218385873462,0.0374659892589292,0.0563692454768834,0.0667453206431893,0.0374909405321807,0.0789369571204563,0.0889664129697844,0.072183376763692,0.0564360329011453,0.2846384342824443,0.1994115344688747,0.2748503638616985,0.2493212628702139,0.182327327231893,0.0538737288674186,0.1406173732045197,0.1422554287953842,0.1091742696284008,0.1668703338841519,0.1010623569975802,0.054220859285621,0.0681938026990346,0.0361218539468671,0.1039191771535054,0.0319444038388212,0.045254695245963,0.0717557757086529,0.0321932968942001,0.0505642319181373,0.0756242373204488,0.0182376964959119,0.0288260508029331,0.0486554595144258,0.2116535740010983,0.0272686882971068,0.0454951299733052,0.1159261366043775,
Zn,0.0421613360380135,0.0272043342040189,0.049235998416094,0.0558791785922684,0.0273471010364861,0.0431835871286852,0.075582074777,0.0769085676772138,0.0364648484174851,0.0955361449968014,0.315619730736095,0.0778284033123048,0.1525270514352372,0.144278048323001,0.0480794974574155,0.055167289576791,0.0696080876427575,0.104137150220909,0.1330838323561234,0.0894258586433954,0.045702201489427,0.0477421673104177,0.0296641043988116,0.0780089963042179,0.026023980881986,0.0354645809597921,0.064109317253451,0.0312763081112634,0.0445345228832641,0.0876093693555969,0.0182389925528667,0.0296265074888164,0.063235279406451,0.2423720788062299,0.0281705442243039,0.0457325631478038,0.1419948974629684,
Ga,0.039143846318207,0.0229391208835242,0.0414219238268211,0.0519810001068333,0.0273069429235339,0.0291516285622722,0.0808156666488572,0.0769630518682692,0.0348034307310173,0.1019747135493149,0.3813348701957765,0.0694732579258015,0.1747647198258558,0.1695075418658648,0.0569819382495111,0.0511142030127392,0.0701436493416281,0.0951764676424199,0.1152894220239798,0.0793182974546588,0.0609109064928803,0.0606449447130133,0.049855739697123,0.0911896350257699,0.028384074276863,0.0491107676077024,0.0857091757698745,0.0273102080606829,0.0436396997943432,0.0846287726022241,0.0205639138911893,0.0350030714991593,0.0734690179215274,0.2046184396784218,0.0237444946716173,0.0435001569135444,0.1169197003285126,
Ge,0.0602201131182535,0.0331849166041447,0.0659742367403442,0.0900230507300694,0.0433038292837761,0.0220753217521792,0.1112984388526523,0.115251947827085,0.0494341490159851,0.1064899463265396,0.4107517458302155,0.0650693628441145,0.1912590408033672,0.1915364142667476,0.0767122583251535,0.0592299878801846,0.0798714376406726,0.0742533906619692,0.0786994748080993,0.067262691175619,0.0793003405090281,0.0784508079875299,0.0453549806660119,0.0860985715934629,0.0267319328216087,0.0553972412997038,0.0964879782997592,0.0186533618052756,0.0325796906562021,0.0601637761874508,0.016034224043401,0.0238078259364007,0.0473156893865057,0.1237364892941597,0.0198974375252503,0.0301389190281074,0.0677508657009261,
As,0.0403079475539785,0.093539098324768,0.11869170103924,0.0755131345484712,0.0112644307210176,0.0083702848123141,0.0841499585224783,0.1817891674539676,0.1323585789340253,0.1320740834619886,0.3569183929764689,0.1076334827292197,0.2038370106228511,0.1965885026614715,0.074117727031823,0.1024860935087668,0.1080685185611893,0.0951802428739306,0.1389155471576348,0.1082720118902213,0.0761113556236611,0.0910722227342898,0.0285603267506973,0.1023383701638348,0.0279895038827572,0.0531979341890001,0.0656120469156864,0.0278706362190937,0.0450964582805271,0.0559309399267239,0.0209575201050762,0.0314672442795589,0.0401409832476907,0.097500990851901,0.0247703067032285,0.0363701465539098,0.045572683595641,
Se,0.0742283265204855,0.181912205960066,0.2147857593537263,0.1072479237895913,0.0121734094071205,0.0104227326164563,0.0640876025971477,0.1602640211611626,0.156273261645648,0.1344129285891433,0.1842794390456935,0.1516808460152894,0.1838076862926924,0.1710216626939999,0.0750366842110901,0.123235965356941,0.1287467886148116,0.0779256770602978,0.1134844392074755,0.0952775758490844,0.0662846754101153,0.0715272549802046,0.0099319677081872,0.0637360031062228,0.0244596621978719,0.0435579990724455,0.0460451777991079,0.0246629312855257,0.0396405971936106,0.0441974152528654,0.021257013276962,0.032020799853318,0.0408801864814431,0.0902094707550889,0.0216982052913713,0.032494286376825,0.0420231672724521,
Br,0.152430641199177,0.1573823444628232,0.1265534228204721,0.0832822291572662,0.0464901676943908,0.0474210282247965,0.060153306261594,0.087424875921191,0.1227490788088419,0.090815492304607,0.0770000125332132,0.0987489221436799,0.1046228254875409,0.0892162731237778,0.0484328783777016,0.0636694051737112,0.0700352245951777,0.0556054669875176,0.0633522522183795,0.0537063593522843,0.0412263059607968,0.0515906715295542,0.0101110944001604,0.0574267245701116,0.0293511304958141,0.0358908607810704,0.0454715308066384,0.0249481438311526,0.0315005765277991,0.0412732491101426,0.0247362949315687,0.029885979094601,0.0449739559833566,0.1063512182283038,0.0255958477465284,0.0333250050132856,0.0540219832556282,
Kr,0.0623878205128205,0.000576923076923,0.0083461538461538,0.0525,0.1341217948717948,0.67975,0.063576923076923,0.0867179487179487,0.0919102564102564,0.0454487179487179,0.051102564102564,0.0414935897435897,0.0570128205128204,0.0396923076923076,0.0512179487179487,0.0690641025641025,0.081576923076923,0.0995897435897436,0.1181153846153846,0.0953653846153846,0.0629102564102563,0.054525641025641,0.0316089743589743,0.0810641025641025,0.023076923076923,0.0506282051282051,0.0656282051282051,0.0297339743589743,0.052076923076923,0.0739455128205127,0.0232211538461538,0.0336378205128205,0.0500064102564102,0.2031858974358974,0.0365544871794871,0.0453814102564102,0.0797371794871794,
Rb,0.0769330067662816,0.0474607855229777,0.0487883951226393,0.0488132488722868,0.0437209789963352,0.0393057601494222,0.0505433376797299,0.0559745383422617,0.0652807654355802,0.0776839406540748,0.0580081054412186,0.0844668822244159,0.0868674672258256,0.0752925799971816,0.0466877466873418,0.0474203287989856,0.0529241172117289,0.0755812746687351,0.0822623696081204,0.076001779672964,0.0633965939526368,0.0708012228643933,0.0252558588243585,0.0937575944460115,0.03149827318861,0.0556254140823237,0.0680591432901051,0.0314122585988158,0.0527584842824928,0.0663191517479568,0.0202554887933463,0.0316027364674371,0.0403050905694956,0.1201826279250071,0.0260181491401182,0.0456218987877084,0.0624338701719771,
Sr,0.0564445638361492,0.0609667130737034,0.0501619122813582,0.0366626551053977,0.0269918803259088,0.0284473949768283,0.0668623439602332,0.0621786001270746,0.074431333158917,0.0714575282179693,0.0456406880699667,0.0756653507624448,0.0747047578113312,0.0656403283375692,0.0507268650022434,0.0558413580131568,0.0583654694274189,0.073445848594707,0.0857798484452069,0.083850010278067,0.0646864161309615,0.0755652563910889,0.034613479219615,0.1212116441172041,0.0266091717745557,0.0707968773359243,0.1046389921886652,0.0234716465465693,0.0442542093362247,0.0559048531170589,0.0152336485274328,0.0276482004036484,0.0309881475183145,0.219502957280605,0.0226736619823593,0.0646498028479596,0.117522807968303,
Y,0.0248134741890534,0.048774547133738,0.0433639699925473,0.023215852749603,0.0273997942253475,0.0500917155448985,0.0223816147639263,0.0332905311254417,0.0517082698726472,0.0788000178230025,0.0609355941540564,0.0926151041835453,0.0882418014193599,0.0763001069380094,0.0283409945234777,0.0450127515473611,0.0450726368320431,0.0936499238471768,0.1763252778767919,0.133521322790757,0.0635239962409679,0.0801063304060412,0.1393893029586172,0.1532327927022896,0.0196991072296573,0.0437678473054867,0.0398999805567261,0.0296893855925338,0.0626296947405952,0.0505284195858589,0.0158203117404971,0.0325960740788749,0.026282680903464,0.1312829482484841,0.0288258125668362,0.0551171214232484,0.0543375595450281,
Zr,0.0269150434046158,0.0426336015244553,0.0364896958148072,0.0257915255134449,0.038080263250759,0.0591876455642608,0.0171832874585362,0.0318221557625803,0.0540909203190071,0.077232955748466,0.052026483873245,0.0830599018985117,0.0836791940151043,0.0718980609076162,0.0315407050603429,0.0756634377867184,0.0715152180817287,0.0963234967181882,0.3015073752558366,0.1713207265862078,0.0694929952713679,0.0958534476674439,0.0810638894770282,0.1218523978403557,0.0165419930834921,0.041110205377938,0.0335961253440611,0.0198852777189638,0.0462623950172918,0.0384632384077919,0.0130132419366222,0.0283380443221115,0.0267638594819675,0.161780383230996,0.0261441880160913,0.0640376614439979,0.0646908832662861,
Nb,0.0558971496292697,0.0717056338884169,0.0808693569952597,0.041073167618817,0.0236032393339007,0.0680468700619918,0.0285156436124958,0.0831126960009717,0.0856534945909802,0.1084402029901528,0.0694054758721292,0.1162572201288419,0.115176182083382,0.0968966330375584,0.0667893521332202,0.2003072565941369,0.1843179166160163,0.146042020177463,0.4136417527652817,0.2754210343989283,0.0698384951987366,0.1029497447429185,0.0352251063571173,0.1225845508690872,0.0234118755317856,0.0636042299744751,0.0440392974352749,0.0290862586605083,0.0656107207973753,0.0570192111340716,0.0180203354807339,0.0357149568493989,0.0312387990762128,0.1252999635347004,0.0213549957457152,0.0410391637291851,0.0510372371459836,
Mo,0.0965036813263194,0.1426944904650407,0.2719679107676593,0.150405930671728,0.0298508671826125,0.0476775986514337,0.0561912812521707,0.1902097139513828,0.1263974529045064,0.156841448084895,0.2404748128924585,0.146420293926821,0.2050040491693073,0.1909201462103438,0.1109333161480144,0.2381079488843046,0.2231128438028568,0.1320578701021829,0.2979714965127322,0.2462763949069668,0.1083199857497011,0.1495697192807619,0.0303092053432822,0.1276565157448342,0.03218222710105,0.0822770871469251,0.073085061519565,0.0339592823875619,0.0687289605394227,0.0688304765159732,0.0254003782700382,0.0482055170655965,0.0450945356489091,0.1231890828834203,0.026838867391154,0.0462048653752567,0.0544651707718311,
Tc,0.0257198471121177,0.0375665345413363,0.0478776896942242,0.0310342582106455,0.0072120611551528,0.046002831257078,0.0381092865232163,0.1102610419026046,0.0489980181200453,0.1161189127972819,0.1823202151755379,0.1017836919592298,0.130632502831257,0.0966681766704416,0.0448108720271801,0.0947403737259342,0.0985713476783692,0.1737630237825594,0.2088216308040769,0.148611126840317,0.0655300113250283,0.06860362400906,0.0603935447338618,0.0786970554926387,0.0158323895809739,0.0558587202718007,0.0707013023782559,0.0218891562853907,0.053263590033975,0.0686404303510758,0.0202383918459796,0.0421642129105322,0.0689997168742922,0.3447712344280862,0.0300291619479048,0.0666300962627406,0.2000645526613816,
Ru,0.0249852336094418,0.0863884196849122,0.0626895403605655,0.0342539927453846,0.0179446564885495,0.0304662985220075,0.0366388121920849,0.0490844161117427,0.0654508147907533,0.1501011450381687,0.1059966298522015,0.1631522115749017,0.1557087326078725,0.1255509582588932,0.0288368658978938,0.0694468491148291,0.0744815386281202,0.1343236018623794,0.3667284391749206,0.2032339342753503,0.0614403659791026,0.0895400898706087,0.0448519977261652,0.1076692111959295,0.0210339044989443,0.0397068918845757,0.0577679064479456,0.0300258377997942,0.0577205619619946,0.0747712765957451,0.0187022765416057,0.0317961128255101,0.0497756753830328,0.2468377997942705,0.0275399274538465,0.0548551107140924,0.13075220616101,
Rh,0.0218886842886843,0.0487294624294625,0.0579805316305318,0.0538033264033267,0.0206035788535788,0.0372430947430946,0.0651948024948027,0.0829090139590145,0.05655645975646,0.1325858330858338,0.1394381051381059,0.125473834273835,0.1442759578259586,0.1224039204039211,0.045088016038016,0.0643297148797151,0.0762904514404518,0.0884759132759137,0.1976058806058811,0.1373470596970605,0.0455733739233738,0.0509891297891298,0.0385884318384316,0.0926485892485899,0.0288792545292545,0.0468276061776062,0.0934305613305619,0.0254398425898426,0.0407683991683991,0.0753396495396498,0.0222077814077814,0.0317382239382238,0.0694128304128307,0.2792744431244419,0.026887228987229,0.057704158004158,0.1538242500742506,
Pd,0.0290210390922871,0.0498609260875558,0.0721415430198912,0.0693383251412566,0.0487687307639304,0.046830090955028,0.0889062198539215,0.0744126969543852,0.0503257154669487,0.184934781110753,0.1167145826634213,0.1819771923377272,0.1622701088704115,0.1198536795443069,0.0360127589691763,0.0379041526941981,0.0413656346180348,0.0684279135467873,0.0978391979420286,0.0633255776563007,0.036123753962056,0.0376710230143783,0.0487346570811708,0.0798064219762055,0.023083639579218,0.0392509646745372,0.0725847305801836,0.0244158780835131,0.0383616725618998,0.0802615646102263,0.0208757407322339,0.0276944163719048,0.069346398548395,0.3118071569663255,0.0288233037806053,0.0563564587257111,0.181007246543249,
Ag,0.1140765887149675,0.0626670845440065,0.0873477891554967,0.1035814450745137,0.110113617724246,0.1311790702033906,0.1277334391695541,0.112061633002154,0.0993386153810097,0.1276018136657585,0.1523273736995005,0.1346468975536579,0.1552718858374704,0.1320199702408825,0.0609640137313722,0.0719019003655458,0.0898880166838499,0.1022480844034104,0.1123716784609599,0.0874947980129344,0.0652433217733628,0.07474353266473,0.0283197698940858,0.1032500761552148,0.032769577748618,0.0452601872246703,0.0616460949948454,0.0342947148280068,0.0475097010029064,0.0696119657418695,0.0258616611210049,0.0363693235073583,0.0612270948542514,0.169430036788824,0.0302760450838882,0.0447406914893624,0.0928398983034955,
Cd,0.05621557379418,0.0288758127907988,0.0390159812733007,0.0446341935670326,0.0449602563361563,0.0720584414646135,0.0711825203017087,0.076880761783661,0.0486488671502479,0.0863061150767279,0.1857747521891134,0.0820743866138778,0.1218525055631001,0.1133799598300717,0.0430186544519267,0.0595941609109046,0.0662910224547014,0.1152218955003893,0.2004966043406608,0.1288625841690014,0.0609929341386594,0.0631631650434943,0.0363090772476379,0.08384230413548,0.0295538248128776,0.0423780741554206,0.0775738014045031,0.0296482169176084,0.0438713912088554,0.0828717524492099,0.0194949426350315,0.0298601205097825,0.0624221599283307,0.2863184261480191,0.0363701846660696,0.0618107317284635,0.1568357367858261,
In,0.048921246977713,0.0667291492112133,0.0693030665741032,0.0479234732961488,0.0252518552653632,0.0423310750963551,0.0689179134847872,0.0917756146314593,0.0630516242549022,0.1160032796303816,0.3000721578531549,0.1030487276470434,0.1692258157182842,0.1600300493141474,0.0471228484906528,0.0580384039930108,0.0685508522251222,0.1004564491417895,0.1892887391377165,0.1180277870873512,0.0559884255380279,0.0640898666602837,0.0372454815311331,0.0849901431546693,0.0234407452182032,0.0363397349962901,0.050813593708856,0.0273779893711252,0.0448168434156041,0.0676775070021313,0.0205234062672061,0.0335114427979801,0.0679733978885887,0.2405227419625075,0.0317614966605226,0.0534598065736248,0.127076520719123,
Sn,0.1023854462098731,0.0449552702397838,0.05740291430321,0.0911042405246837,0.0600478841691372,0.034893620278459,0.104734272270204,0.1157133798504534,0.0695362938313769,0.0943822112285653,0.2677820154376642,0.0775088669911036,0.1487788449142675,0.1451321306561779,0.054055607032358,0.0697146972089714,0.0813798061428369,0.089809700109576,0.1372172876111858,0.0942093310880466,0.0662420595913361,0.0668600739654494,0.066320996358127,0.1041107104872988,0.0258433229663535,0.0456288070452502,0.0747215579476587,0.0203952196403252,0.0355413054338026,0.0633003174552012,0.0152495367087792,0.0237115790576259,0.0454832006574713,0.1543259233595416,0.0230494392161923,0.0384814119504972,0.0808561662047165,
Sb,0.0442572702216225,0.0914397898151245,0.1042742996962502,0.1068942325720893,0.0298789749503138,0.0186792946338173,0.0777553389957617,0.1324405773052803,0.1404934282071436,0.1440853161210449,0.1362065661679191,0.1641899304383654,0.1736709181760185,0.1567139629504589,0.0625877301533736,0.1309790236996995,0.1119537958900478,0.1043665016687268,0.2480017390407573,0.1646835555180523,0.0919217056661771,0.1255030983987665,0.0253156194922568,0.1202273034087041,0.0328035587055168,0.0739502006224916,0.0845474697191272,0.0216896820039752,0.0420193638204532,0.0562420266621674,0.0158853123710953,0.0262002099973756,0.0376700275621564,0.1082210503618677,0.022732328345896,0.0360116529793386,0.0493637548280656,
Te,0.0466818853609876,0.1575379215212912,0.1586023228317329,0.0751470428849428,0.0135379030470231,0.0171170037194866,0.0604972103850045,0.1438742948986353,0.1693591213636445,0.1522194066063965,0.1217680555213422,0.1764942606596512,0.1852826933024572,0.1600078761977455,0.0777444269280987,0.1278002069118386,0.1211822794787775,0.1122173929108051,0.2312288900657642,0.1602863450501241,0.0721232295489825,0.089127207675444,0.0190177907234523,0.0911637928911,0.0240149887922753,0.0494436719462038,0.0520351195901185,0.0244776584476686,0.0459284614626704,0.0520460748331166,0.0190913306401948,0.0314060090647096,0.0417745399906405,0.1182394019262487,0.0249444047589724,0.0416488533635497,0.0525127657216059,
I,0.0858365509389612,0.1292238082413118,0.1066727223759259,0.0629408344147106,0.0358224297921314,0.0453966591582409,0.0441583808730998,0.1161312954484232,0.1951652976030139,0.1062466028450395,0.0675202972357572,0.1208361041059644,0.1229856646181697,0.0981579646451036,0.051106070807728,0.0870551012413387,0.0859437786156747,0.0667504774379951,0.1038519942217745,0.0785628443062463,0.0553827216414084,0.0707857956075713,0.0141850194647796,0.0680663393972049,0.0222759469186886,0.0333665866856014,0.0339853830521759,0.0219482285826212,0.0309862644761653,0.0343647687486233,0.0178056215263325,0.024196257620645,0.0307839593075929,0.0819782765712609,0.0205266202286804,0.029136192248366,0.0405087407878959,
Xe,0.0420144444444444,0.0105022222222222,0.0205406349206349,0.0288682539682539,0.0683314285714285,0.3318907936507937,0.0438390476190476,0.0699971428571428,0.0794484126984127,0.0930715873015872,0.0522952380952381,0.1141974603174603,0.0985290476190475,0.064875238095238,0.1447438095238094,0.2394796825396825,0.1790190476190476,0.0888117460317459,0.1390771428571428,0.1225879365079365,0.0917295238095238,0.1239707936507936,0.0284471428571428,0.1547174603174603,0.0254898412698412,0.0659650793650793,0.0849739682539683,0.035937619047619,0.0680414285714285,0.0799706349206349,0.0209914285714285,0.034311746031746,0.0530384126984126,0.158745238095238,0.0415604761904761,0.0541403174603174,0.071233492063492,
Cs,0.0911981804528647,0.0640224872920523,0.0638515249537899,0.0558523105360449,0.0385403650646958,0.0372977183456561,0.0471051236136791,0.0529146314695012,0.0644528188539746,0.0717489602587803,0.0492948937153427,0.0777910120147877,0.0790673463493529,0.0668885570702406,0.04830206792976,0.0464852414510172,0.0547082255083183,0.0706951247689469,0.0703355649260632,0.0624291820702409,0.0500598717652502,0.0562409426987066,0.0216215226432533,0.0807641635859517,0.0333650415896493,0.0521143599815165,0.0629439232902041,0.0322450265711649,0.0491713435767107,0.0639354609519417,0.0219037661737523,0.0304404632624774,0.0414168553604444,0.1376528823937124,0.0273559727356749,0.0480057532347512,0.0720777091035126,
Ba,0.0523886289696755,0.0501656966332377,0.0409141221943656,0.0341861792621779,0.0267812574617965,0.0287941215974222,0.0366572237643278,0.0306609285458463,0.0494943775370109,0.0804284973435976,0.035193588825216,0.0829113314828046,0.0761766878581635,0.0604909786891108,0.0497281779787486,0.0392422956960369,0.0434453460780809,0.0658876440126537,0.0652466384610777,0.0648236777698172,0.0492439149056833,0.0585123268863413,0.0263835474868679,0.0905478450334257,0.0288020833333342,0.0545156100764086,0.0813036838884878,0.0245864150549195,0.0480643691798001,0.0693604756148501,0.0167436761282237,0.0294704587511948,0.0379919748388262,0.240430627686241,0.024260647982331,0.0645821319842395,0.1316449080706737,
La,0.0431448510867683,0.0533700787401584,0.0436731609649049,0.0280239733939131,0.0212770007508233,0.0293300589107298,0.1048412683133405,0.0900208449646707,0.0804495697206544,0.0556963209672151,0.0417490277804527,0.0577101871281991,0.0613790838034006,0.0552491962343348,0.0403817983173874,0.0430357940434719,0.0451767466261105,0.0853482615559348,0.0920332961130452,0.0907719086306125,0.0579587721155889,0.071740662841961,0.0570573320755451,0.1321019964191486,0.0328560344993556,0.0771927256800717,0.1209456808424589,0.0195624578865295,0.0390535827734257,0.0483829101130096,0.0202337129160812,0.0311311245018584,0.0367140519415522,0.2117035548582049,0.0238125156421466,0.0615637573879066,0.112527390601233,
Ce,0.0354267437690515,0.0478707728169271,0.0396799802761344,0.0249424870001792,0.0314178859601938,0.0426132418863191,0.0245629908552984,0.0305498386229154,0.0486728348574508,0.0639079881656814,0.0473141563564645,0.0619805540613241,0.0716359960552278,0.0641637349829667,0.0350370450062759,0.0483383091267711,0.0504718396987634,0.084869266630806,0.1140955621301781,0.0978828133405065,0.0535049578626508,0.0676175811368127,0.093289259458491,0.1356685045723507,0.0198248789671865,0.0495927918235616,0.0583580509234363,0.0210840057378517,0.0426968172852792,0.0439776582391971,0.0204398780706471,0.035248780706473,0.0325424870001792,0.1447113501882725,0.022830814057737,0.0552563385332622,0.0639658687466387,
Pr,0.0357750074353127,0.0573485550708836,0.041439278278973,0.0241704049767025,0.0294710766332903,0.0396085803509467,0.047498934271835,0.0590825567562211,0.0730523074253996,0.0747207296520279,0.0478918285912562,0.080456701695252,0.0816614082482409,0.0720140155645886,0.0351896004758599,0.0434339372459601,0.0443932908694359,0.081905075840191,0.1156415931396853,0.1045397541389915,0.0555262466541095,0.0736500322196893,0.0501632051154952,0.1335885421830086,0.027174444829979,0.0618735748983843,0.0761271438485184,0.0201505526915832,0.0391787573113908,0.0420901779518191,0.0189903836621394,0.032720432239516,0.0324055467433328,0.1618827079409145,0.0248049841379993,0.0516604664419551,0.0771248265093691,
Nd,0.0302681714883485,0.0426607748358708,0.0336794603563959,0.0211471394560277,0.0257202312242984,0.0423999981963786,0.0453162650602413,0.0569756961979662,0.0649254202438505,0.0637871996969923,0.0454782032320903,0.0681420352066959,0.0705936891277694,0.0636937901305829,0.0338073732053964,0.0395489322559701,0.0414085834355388,0.086118497943872,0.1028192049635673,0.0996339820359288,0.0558268703556747,0.069179325084771,0.0684483352571972,0.1451895335834348,0.0234944087728156,0.0543977797417219,0.0717010497078143,0.0227537334968615,0.0428364926772964,0.0467878580189025,0.0210031833922515,0.0348316319168891,0.036904678594618,0.1497410450183961,0.0248712935574632,0.051645489142198,0.0715823443474505,
Pm,0.0005,0.0005,0.0005,0.0005,0.0005,0.0005,0.0508,0.0955999999999999,0.0117,0.013,0.0623,0.0025,0.0337,0.0348,0.0005,0.0005,0.0005,0.2479,0.4604499999999999,0.3147999999999999,0.0359,0.0424999999999999,0.1023,0.05375,0.0005,0.0005,0.0005,0.0005,0.0005,0.0005,0.0005,0.0005,0.0005,0.2925,0.1173,0.1713499999999999,0.0879,
Sm,0.0201216400079644,0.0505310944448132,0.0423568394504546,0.023287864206544,0.0289030497112896,0.0518066635693901,0.0414667153381562,0.0465292028937412,0.0564214010751975,0.0779472688657333,0.0535639974779318,0.0860849040950425,0.0846751841773415,0.0763295447003386,0.0386834306763124,0.0461519711953274,0.0466746864007432,0.087263207672397,0.1219958352691319,0.1064513838189426,0.0603760868122387,0.0796192174951886,0.0584145483507001,0.1395646114024033,0.0225326873299263,0.0522601546425963,0.0624321696422646,0.023351795314263,0.0455621888896262,0.0495165759607088,0.018455996548749,0.031423276033716,0.0323957323953009,0.1464029003783112,0.0259706643658327,0.0544735680626533,0.0628265248556448,
Eu,0.0331763088765349,0.0715753864011246,0.0485949050033601,0.0271723532286639,0.0267480298124503,0.0495774634980757,0.0251009682937259,0.0368609872319627,0.07239719897367,0.0836949722035559,0.0514412914655751,0.0910932097257015,0.0909303103427215,0.0786705204960599,0.0461115981428309,0.0617176369967623,0.0635010080029326,0.0876957663876845,0.1436664579387875,0.1265969515547689,0.0745510874213456,0.0985011760034218,0.0604613904331358,0.1426489095241011,0.0230983566497648,0.0592867004704014,0.0633959007880751,0.0267851579204594,0.0561909249190543,0.0526268709145334,0.0211510171665955,0.039955357688313,0.0382426232512674,0.1428697385301495,0.0266510018938237,0.0584054920887042,0.061611445415114,
Gd,0.0237561652919964,0.0570507729929132,0.0508546856219178,0.0251957454304305,0.0315903448418784,0.0537912919136244,0.0260417789198821,0.0390279976789489,0.072759139138725,0.0752293177767654,0.0508203257761019,0.0833743005761189,0.083515532391098,0.0745661292328105,0.0378035603266051,0.058127295146517,0.0598073320346507,0.0938550172006474,0.1618777303435981,0.1408077672317325,0.0590664504497043,0.0780540576946997,0.0735383387905672,0.1234763957392141,0.0215627927218468,0.0504417975711861,0.0523986301653753,0.0211991751979109,0.0447570874953374,0.0401193994280267,0.0199971401334604,0.0383342520827289,0.03295076055871,0.1298847038587481,0.0242331102084799,0.0487215153147928,0.05312777179094,
Tb,0.0827919436482286,0.0448735286942735,0.042573367079344,0.0303573976947001,0.0352920046349942,0.0487949472464476,0.031034930170153,0.0418352594986887,0.0663072513264624,0.081284427029335,0.0588832713301215,0.09312089101665,0.0868988382021106,0.0776035402817592,0.0371520095139353,0.0574111880221994,0.0592577605659574,0.0740679392571815,0.1268518783923896,0.1051667683112771,0.0483455357687382,0.0628503689699336,0.0500151094712446,0.1072661767396481,0.0191611575288163,0.0440226718302126,0.044331981460023,0.020490257364152,0.0436198389949379,0.0372156796975054,0.0176373117033604,0.036841983289626,0.0323807251326461,0.1270491400866021,0.0237469201683234,0.0489376562785874,0.0570170458010612,
Dy,0.0213423191595087,0.055362497337971,0.044495421310428,0.0214002449066515,0.0298234897423156,0.0521797756797049,0.0249185064243628,0.0360016859515865,0.0614886420103642,0.0737106197203095,0.044173706253993,0.0834810463547953,0.0779367147014978,0.0689199261730674,0.0380799850926386,0.0542493433662241,0.055944470078796,0.085131202527153,0.1383133030453618,0.1117403457088101,0.061675995598779,0.0822382693263296,0.04408248739973,0.1178821786043876,0.0216513452118975,0.0488717257045503,0.0461334031376445,0.0216828458862782,0.0434321005182081,0.0384243096471924,0.0189955810321573,0.0367879960247036,0.0326359764321714,0.145942358202599,0.0273615390075957,0.0555831795272236,0.0596437318094696,
Ho,0.0211056486854359,0.0569105415860736,0.0481462139121713,0.0278909843111971,0.0325121964324091,0.0592126584998925,0.025846926713948,0.0367626441722185,0.0660890106741172,0.0874484741027297,0.058024571960742,0.1021296296296301,0.0970824020345302,0.0855582957231897,0.0412290099577331,0.0679586467512002,0.070269521455692,0.0880281717888104,0.1698991331757297,0.1305904613511003,0.0608160505766889,0.0799049717028443,0.0485380399742101,0.1087553728777139,0.0189695178737732,0.0435382369797262,0.0410236406619385,0.0198309871767319,0.0418971631205672,0.037956282685006,0.0168016154452325,0.0366686546314205,0.029836449602407,0.1414345046206757,0.0268385629343076,0.0519142488716955,0.0579481517300665,
Er,0.0341474270473798,0.0516103859428932,0.0421441010354566,0.0197724035142767,0.0295432224662692,0.0472268120489489,0.022771964229683,0.0325708660181988,0.0632041261374336,0.0789876372764359,0.0489973956699089,0.0869561186068407,0.087365453404456,0.0755275180420461,0.0377218544085345,0.0623226388453094,0.063632146219015,0.0854308283652341,0.1686453561342963,0.1237595544399129,0.0553929557577659,0.0743628176968938,0.047178522121117,0.1134487135236906,0.0177640257295262,0.0391099466582991,0.0361452933793534,0.0212264668967681,0.0459903043614684,0.0363633668026355,0.0169325855036084,0.0361834326953246,0.0282556636335111,0.136985409475997,0.0280981801066834,0.0521650454973328,0.0554029651710072,
Tm,0.02177151286131,0.0621950742508617,0.0496288119862105,0.0216912291169451,0.0398265049058606,0.0678200742508619,0.0223885905595332,0.0326770750464068,0.0597265977194378,0.0718263723150358,0.0382979647308406,0.0848080416335188,0.0777628944577035,0.0665201206576505,0.0310898302837444,0.0505153473879607,0.0506179395385839,0.0849941660037124,0.1851045810129944,0.1280072593476532,0.0523857067090957,0.0727337576239724,0.043581046141607,0.1118593542826835,0.0193093343940599,0.0438515977194378,0.0360024529302573,0.0192280893662158,0.038796539379475,0.0327528175550251,0.0143367143993635,0.032658379740122,0.0257476796605675,0.1496668987006101,0.0289016176080615,0.0560308605144523,0.0580393463272341,
Yb,0.0191588054864285,0.0310510301522078,0.0315535765958678,0.0222977458186238,0.0451476937322763,0.0956981017419997,0.0133131112911627,0.0222679842583482,0.0433816193066726,0.1315355344638007,0.0554452659297413,0.147301203773367,0.1291777880664397,0.1019849817697792,0.027757103999074,0.0506826349904508,0.0494560449100063,0.137914289021356,0.3092305833670914,0.2315270559638863,0.0685215000868109,0.099588677006772,0.0475203570808495,0.0998689015568038,0.0223640256959315,0.0478313415128189,0.0408575149024825,0.0238165113721859,0.0568689449620927,0.0533139359916662,0.0191774263556919,0.0366027837259099,0.0413441316048382,0.1554937207014302,0.0341349759824062,0.0630628074541352,0.0619789484345161,
Lu,0.031422509738453,0.044602615470228,0.034108347245409,0.0188534223706176,0.0390889259877573,0.0649228714524208,0.0209528658875903,0.038344796883695,0.0581526989426822,0.069163021702838,0.0492150528658875,0.0795230383973288,0.0772947412353922,0.0678122982749026,0.0291480244852532,0.0499646911519197,0.0517099888703392,0.0903096549805229,0.2030311352253764,0.1395700055648307,0.0532513355592653,0.0691988870339454,0.0731878408458542,0.1142072064552031,0.015452142459655,0.0365417362270451,0.0306856427378964,0.0282101558152476,0.0584605175292152,0.0458409293266555,0.0134026154702281,0.0302125765164163,0.0248047022815804,0.141001112966055,0.0276742904841402,0.056210879243183,0.0569142737896494,
Hf,0.0273581591714872,0.05276110281769,0.0419232832618026,0.0258718277663742,0.0780171673819743,0.0966416075760405,0.0195791658891584,0.0319901567456615,0.0535010496361261,0.0828266234372086,0.0434378615413322,0.089811298749767,0.0881054067923122,0.0783931470423587,0.0365278036947191,0.0719905299496174,0.0730580332151519,0.0710769499906698,0.1816467158051879,0.1164063024818067,0.0647513062138456,0.0909589475648443,0.0419427131927598,0.0897484605336817,0.0157893496921067,0.0353367932450083,0.032332804627729,0.0192670740809852,0.0395650774398208,0.0470230686695279,0.0169334297443552,0.0414576646762455,0.0430222522858742,0.1378956195185675,0.0207653480126889,0.0446721403246874,0.0629768147042357,
Ta,0.0312876474145753,0.0508658149380107,0.0522714912091238,0.0336905697870318,0.0367304851181478,0.0488735150546463,0.0251341634627844,0.0515153894336693,0.0631340122683492,0.0827505723789372,0.0531117650870449,0.0893356840468278,0.089152835975637,0.073255680590955,0.0395684694803231,0.1015354550952533,0.095055315564388,0.1130974772128393,0.3315317616311697,0.21333595403689,0.0738619918786996,0.1071815953172933,0.029796481489481,0.1015534472331425,0.0184578599507539,0.0444467795585123,0.0369521145621841,0.0257589852693421,0.0549776664218759,0.0559953453712905,0.0184636269385287,0.0355393861505897,0.0406854399758086,0.1648216121646716,0.0263447341137847,0.0474558620242777,0.0773316449954644,
W,0.074387557191167,0.1683476341392776,0.2750593680489051,0.128411301698097,0.0090814149049677,0.009704606488598,0.0207641011266445,0.0763670791362946,0.0626373107944325,0.189915338987643,0.1819036792230983,0.1919904854693687,0.2273617149212412,0.2222303651192622,0.128113672531962,0.4494511591949013,0.4320071387236277,0.1660084294808026,0.4778070148471027,0.3713503716295651,0.1297494009620725,0.1681250791182109,0.0189886250610347,0.1744591863030502,0.0357728086514632,0.0784812195959952,0.0491992920049886,0.0253195584751443,0.04913347469121,0.0357051693581924,0.0212174891947133,0.0365421202777719,0.0293050662784604,0.0607936077002324,0.0167885192686773,0.0303976730202364,0.0278779545002449,
Re,0.0426678771567615,0.0401619230202034,0.0474953731013124,0.0307027171508626,0.0161275254387258,0.0418869820085533,0.0286942560094381,0.0462944071670844,0.0510984183748709,0.084356713611562,0.1024885894410858,0.0851057550508778,0.0923342980386377,0.0695693297448754,0.0342740930541218,0.153881617755494,0.1370459556112674,0.1210723528978034,0.1705936071375912,0.1113110160743259,0.0491002986285207,0.0547375018433858,0.0177367829228727,0.0496313965491813,0.0195341948090252,0.0874046232119157,0.1389206238017997,0.0379945988792213,0.0860547854298778,0.1252382023300403,0.0322081735732193,0.0607648945583247,0.0911509917416313,0.2957083947795303,0.0314791697389765,0.0623377820380474,0.167896530747678,
Os,0.0273189380285595,0.088351934008041,0.0619681824483571,0.0255043671149313,0.0144749064189657,0.0365004159157078,0.0285702897546097,0.0807877443504783,0.1318658671842508,0.1709289823929021,0.1127674684597254,0.2214615277970336,0.2083099265215588,0.1700296339941776,0.0380368085401359,0.1178596284486344,0.110535491473728,0.1534613198391795,0.3137218217108004,0.1874782684042704,0.0523671842506585,0.0726005476223484,0.0414661375294607,0.0956914945237764,0.0160998544295022,0.0542959933453485,0.0514574379592402,0.0289824275613475,0.0822006100097045,0.0698130458893663,0.0210723000138638,0.0604043393872176,0.0561626923610148,0.2821921183973387,0.0263727991127131,0.077402849022598,0.1596381879939,
Ir,0.0199251013077915,0.0617571836433966,0.0534131515932953,0.0369903066863142,0.0280733100018419,0.0336625069073493,0.05945047430466,0.0601835052495854,0.0536015840854668,0.1019928854300978,0.1234651409099285,0.0951331276478174,0.1160036378706948,0.0960701556456071,0.037310807699392,0.0475030162092465,0.056250069073494,0.1158966890771785,0.267177910296556,0.1635085881377792,0.0514745118806408,0.0645179591084912,0.0388228264873826,0.0931235724811199,0.0254608353287898,0.0443881009393994,0.0821365122490329,0.0205098314606741,0.0384540661263584,0.0772444741204641,0.0157373365260637,0.0225724120464174,0.0553938340394178,0.2831442254558856,0.0214751565665868,0.0497631239638975,0.1630856511328059,
Pt,0.0298131039242752,0.0383584598698481,0.0662103464142511,0.0720444849799516,0.0359678071386313,0.0375401465851574,0.0891338329060678,0.0707254979294027,0.0385286268323143,0.1548833399066597,0.1135115690527845,0.1471400611319275,0.1471758200223502,0.1098427989219753,0.0389686123709983,0.0494145632025241,0.0539536909222374,0.0910706796818515,0.1586892624728859,0.0971198810228099,0.0454179977650693,0.0475657332544534,0.0451994018273843,0.100649165187669,0.0231743574574377,0.0401389600999144,0.0774655064747259,0.0273915401301518,0.0570832840333924,0.102164168802998,0.0180878360612634,0.0273042956681785,0.0657827351607178,0.3144215473608086,0.0255951981857622,0.0601096759350555,0.1729423848024723,
Au,0.0642676028844386,0.0375582514238476,0.0600258244534252,0.0786636161124363,0.0616851345765203,0.1340681035274658,0.0794805943413567,0.0577827255190159,0.0397850220466658,0.1118539293588102,0.0816080286606657,0.1132422721844578,0.1124677223038772,0.0797320181884996,0.0361023217894544,0.0398196881315453,0.0479215850633846,0.0898557206503773,0.077015800110234,0.0564850725702741,0.0521283069998167,0.0552711739849352,0.03665959718905,0.0828930621899693,0.029924915028477,0.0396815060628332,0.0925754524159473,0.024797032886276,0.0388450532794415,0.0885624885173624,0.0250180507073304,0.036021093606467,0.1057537203747935,0.2804584443321675,0.0228014077714495,0.0437492995590668,0.1676404900790001,
Hg,0.0300131889763779,0.0322876135675347,0.0450589794064205,0.0508909297395519,0.1775870684433678,0.3560824046032689,0.0679935342216841,0.0751193973349488,0.1045744397334955,0.1454686250757124,0.1711642186553609,0.1553321320411877,0.1877799061175047,0.1558776650514847,0.0534100999394307,0.0928024833434287,0.1032838734100552,0.1113683070866148,0.1506604482132049,0.1158495608721994,0.0666019230769233,0.0825825105996371,0.0405761356753483,0.1094045124167179,0.0247566777710478,0.0415380224106601,0.062721199273168,0.0300150060569351,0.0545507419745609,0.0794387492428834,0.0206418079951544,0.0371668534221684,0.0767042398546336,0.2217572228952143,0.028363749242883,0.0481467595396729,0.1265533010296791,
Tl,0.0961095433840688,0.1307929813354078,0.0734154816131545,0.0363265470503277,0.0264682257526939,0.0434583101877568,0.0335074436173757,0.0496205699366737,0.1134862237529167,0.0820651733140767,0.0639797522497502,0.0873747500277752,0.093558007443618,0.0856947283635157,0.063268595156094,0.0765287190312191,0.0800348155760477,0.0874702810798805,0.1146098072436401,0.0944583101877575,0.0593477946894791,0.0678532801910902,0.0468345044995,0.0880138595711594,0.0303844711698699,0.0561092100877681,0.072288106877014,0.0263921230974336,0.0457499583379623,0.0672415426063774,0.0187143234085102,0.0301100572158648,0.0475187895789357,0.1598242695256086,0.0229351877569159,0.0436715503832906,0.0866815492723035,
Pb,0.0635046952623293,0.1315689219071837,0.0755182206470382,0.0400803874348723,0.0179452547558463,0.0267309538955532,0.0369447019265725,0.0547259935780935,0.1302997697806844,0.1016859399612264,0.0567316733309107,0.1153054571065061,0.1147509844904878,0.1084230279898216,0.0871370865139957,0.1146101569126374,0.0970803268508424,0.1008069792802619,0.1662425633103093,0.1425576078395719,0.0840673391494012,0.1015859535926332,0.031291939294802,0.1166266963528412,0.0283488049800073,0.0647820716709084,0.0744950624015518,0.0263664349327516,0.0469358566581856,0.0546328986429185,0.022936530655519,0.0349165379256031,0.0456136253483588,0.140736754816429,0.0226513464800676,0.0465738292136199,0.0671803435114513,
Bi,0.0823103926570797,0.1267296000285411,0.1421181405430465,0.1320686793092352,0.0306652959646047,0.031890699147251,0.0408118376922251,0.0656456095907516,0.1399986040246874,0.130804902415525,0.0857752345952106,0.1457110018910303,0.1465250294358986,0.1351265609947516,0.0989341171013643,0.145312430870229,0.1305782771969853,0.1226451412923232,0.1952346754914867,0.1567540229064797,0.1012309558639862,0.1238278713383496,0.0415027562707395,0.1336517286901885,0.0369307765725904,0.0632835836871583,0.0698310200877712,0.0363162575373744,0.0540631266278947,0.0593142505441179,0.0293697996574722,0.0398758563171224,0.0439765270988685,0.1210478645591718,0.0315498091126409,0.0445837317586613,0.0564452269240374,
Po,0.0035918367346938,0.0476020408163265,0.0528673469387755,0.038173469387755,0.0019285714285714,0.000704081632653,0.0155204081632652,0.0189081632653061,0.0165816326530612,0.0281122448979591,0.0638673469387755,0.0300306122448979,0.0453571428571428,0.0461122448979591,0.022938775510204,0.0408979591836734,0.0463367346938775,0.1576326530612244,0.6672551020408163,0.4063979591836735,0.0005,0.0005,0.0388469387755101,0.0187244897959183,0.0005,0.0005,0.0005,0.0057857142857142,0.0050918367346938,0.0105408163265306,0.0005,0.0005,0.0005,0.1459081632653061,0.0207397959183673,0.0374591836734693,0.0594591836734693,
Ra,0.0005,0.0005,0.0005,0.0005,0.0005,0.0005,0.1524999999999999,0.0415,0.028,0.0005,0.0005,0.0005,0.0005,0.0005,0.0005,0.0005,0.0005,0.0505,0.2502500000000001,0.1254999999999999,0.0005,0.0005,0.25,0.25825,0.0005,0.0005,0.0005,0.0005,0.0005,0.0005,0.0005,0.0005,0.0005,0.0005,0.0005,0.0005,0.0005,
Ac,0.0011315789473684,0.0005,0.0005,0.0005,0.0005,0.0005,0.0005,0.0005,0.0005,0.0442631578947368,0.1087894736842105,0.0085526315789473,0.0855526315789473,0.088078947368421,0.0005,0.0005,0.0005,0.0005,0.0005,0.0005,0.0416578947368421,0.0466052631578947,0.1208026315789473,0.2391315789473684,0.0160263157894736,0.0403947368421052,0.1386842105263157,0.0041842105263157,0.0053421052631578,0.0342894736842105,0.0335526315789473,0.0252368421052631,0.052078947368421,0.053078947368421,0.0005,0.0105,0.0307105263157894,
Th,0.0223852711244178,0.0431531104457751,0.0387233449767132,0.0191940286094477,0.0223383649367931,0.0208374085163007,0.0285135978043912,0.0292447188955422,0.0452414753825682,0.0468947105788423,0.0353088822355289,0.0438922987358616,0.0464012807717898,0.0421079507651364,0.036563373253493,0.0409926813040585,0.0428163672654691,0.0715875332667998,0.0813873087159015,0.0707098303393214,0.0482546157684631,0.0559671074517631,0.0496091566866267,0.1079371673320025,0.0194594145043246,0.0639325515635395,0.0844094311377245,0.0193070109780439,0.0407992348636061,0.0425848719228211,0.0191406353958749,0.0330617930805056,0.0358522954091816,0.1508685129740518,0.0221146457085828,0.0552250083166999,0.0677784846972721,
Pa,0.0010474452554744,0.0007335766423357,0.0108430656934306,0.055478102189781,0.0299452554744525,0.0119306569343065,0.0223832116788321,0.0060437956204379,0.0270072992700729,0.0826459854014598,0.0230109489051094,0.0843503649635036,0.076412408759124,0.0708065693430656,0.0902226277372262,0.0410364963503649,0.0516642335766423,0.0223029197080291,0.1086824817518248,0.0611350364963503,0.057434306569343,0.0804963503649634,0.2149306569343066,0.2438795620437956,0.0124014598540145,0.041412408759124,0.0541423357664233,0.0129251824817518,0.0308649635036496,0.0354178832116788,0.0045875912408759,0.0061204379562043,0.0057846715328467,0.1657737226277373,0.0152810218978102,0.0586751824817518,0.0852591240875912,
U,0.0198569269686915,0.0332793291501033,0.0226292831564767,0.0130240809487828,0.0949915979499985,0.5138093728440447,0.0127101908735503,0.0215982867374093,0.0651564604619083,0.0779454318473016,0.0262071109431979,0.0826616018923097,0.0777560284503439,0.0585807845198602,0.032220038437531,0.0541924011958351,0.0534203817471016,0.0601209714510997,0.1475182824665711,0.1105451066066562,0.1216346709813067,0.1945995351358425,0.0636635730477347,0.2561828985840507,0.0265479072899897,0.0737208351128494,0.0552900883734687,0.0323065393081245,0.0746890173790209,0.0583855744275439,0.0271748414862511,0.0565190873550386,0.0385717254180493,0.1432561845001464,0.0277180180032194,0.0597796083971229,0.0508833486645428,
Np,0.0109877317339149,0.0099081243184296,0.0035239912758996,0.0024010359869138,0.0713358778625954,0.4497295528898583,0.0097658124318429,0.0094675572519083,0.0520766085059978,0.0948826335877862,0.0238658669574699,0.0981218647764449,0.0879138495092694,0.0649739640130862,0.030792121046892,0.0416777535441657,0.0452448200654307,0.0505103598691385,0.1362773991275899,0.1027066521264994,0.1364058069792803,0.2481221374045801,0.0394088058887677,0.1824667393675027,0.0259038985823337,0.0751027808069792,0.0582701744820065,0.0337423664122137,0.0704571973827698,0.0514223009814613,0.0239334787350054,0.0433105234460196,0.028354961832061,0.1387464558342422,0.0269317066521265,0.058901308615049,0.050062840785169,
Pu,0.0128595715408805,0.0737861635220126,0.0428374606918239,0.020500393081761,0.0251591981132075,0.0571006289308176,0.0265320361635219,0.0281501572327044,0.0496035770440252,0.067536753144654,0.0573828616352201,0.0636352201257861,0.0758158411949685,0.065733195754717,0.0635115959119497,0.0691670597484276,0.0703624213836477,0.0812576650943396,0.1077290683962265,0.0945443199685535,0.073653891509434,0.0929884040880503,0.0588116155660377,0.0938009040880503,0.0189976415094339,0.056303164308176,0.0538917059748427,0.0088810927672955,0.0218663522012578,0.0258930817610063,0.0133373624213836,0.0238386399371069,0.027439072327044,0.2059773977987422,0.0189886006289308,0.0656153694968553,0.099005503144654,
Am,0.0051561561561561,0.0157552552552552,0.0059714714714714,0.0086561561561561,0.0134669669669669,0.0613033033033032,0.0139234234234234,0.0104519519519519,0.0244729729729729,0.061078078078078,0.0307207207207207,0.0584474474474474,0.0697342342342342,0.0605645645645645,0.0122417417417417,0.0118093093093093,0.0099879879879879,0.0846891891891892,0.1487957957957957,0.1222417417417417,0.0381396396396396,0.0507732732732732,0.0520292792792792,0.1378663663663663,0.0227312312312312,0.0924069069069069,0.1077852852852853,0.0096651651651651,0.025599099099099,0.0218288288288288,0.0079894894894894,0.0090555555555555,0.0168063063063063,0.2009744744744745,0.0189767267267267,0.0715135135135135,0.0921298798798798,
Cm,0.0119596774193548,0.0952096774193548,0.0505483870967742,0.0099193548387096,0.0005,0.0005,0.0280846774193548,0.0301048387096774,0.0271270161290322,0.1091451612903226,0.0633447580645161,0.1034697580645161,0.1055302419354838,0.0841088709677419,0.011258064516129,0.0263387096774193,0.022758064516129,0.0931532258064516,0.1926370967741935,0.1594939516129032,0.081516129032258,0.1180544354838709,0.0759596774193548,0.1659516129032257,0.0156471774193548,0.0503669354838709,0.0642016129032258,0.0064758064516129,0.0174758064516129,0.0181290322580645,0.0109758064516129,0.013024193548387,0.013820564516129,0.2179879032258064,0.0229616935483871,0.0807338709677419,0.0921985887096774,
Bk,0.0009927536231884,0.1669347826086956,0.1218913043478261,0.0264130434782608,0.0038623188405797,0.0294565217391304,0.0488768115942029,0.0493405797101449,0.0188405797101449,0.1740072463768116,0.0945869565217391,0.1694565217391304,0.1632536231884057,0.124731884057971,0.0005,0.0005,0.0005,0.1494565217391303,0.3315579710144928,0.2090869565217391,0.049195652173913,0.0615942028985507,0.0954384057971014,0.0648478260869565,0.0005,0.0005,0.0005,0.0042391304347826,0.0075434782608695,0.002963768115942,0.0028478260869565,0.0060072463768115,0.0125289855072463,0.3744855072463767,0.0317753623188405,0.0920362318840579,0.1806884057971014,
Cf,0.0042460317460317,0.2220079365079365,0.1729126984126985,0.0403730158730158,0.0042142857142857,0.0322142857142857,0.0244523809523809,0.0368015873015872,0.0521031746031746,0.1808928571428572,0.1024285714285714,0.1783214285714286,0.1654047619047619,0.1211349206349206,0.0005,0.0005,0.0005,0.1242380952380952,0.2225833333333334,0.1517777777777778,0.0701944444444444,0.0815873015873015,0.0201746031746031,0.0907222222222222,0.0167460317460317,0.0555714285714285,0.0912777777777777,0.011515873015873,0.0223769841269841,0.0243174603174603,0.0150198412698412,0.0202460317460317,0.0472896825396825,0.3445873015873015,0.0424742063492063,0.1307341269841269,0.1630396825396825,
Es,0.0005,0.0005,0.0005,0.0005,0.0005,0.0005,0.0005,0.0005,0.0005,0.0088,0.0337,0.0012,0.017,0.0177,0.0005,0.0005,0.0005,0.2254499999999999,0.4215000000000001,0.2887,0.0005,0.0005,0.0005,0.0005,0.0054,0.0238,0.0653,0.0052,0.009,0.0323,0.0176,0.006475,0.0201,0.2919,0.1145,0.1695,0.0867,
