element,0,1,2,3,4,5,6,7,8,9,10,11,12,13,14,15,16,17,18,19,20,21,22,23,24,25,26,27,28,29,30,31,32,33,34,35,36
H,0.3830628239704996,0.03298324801483668,0.03255539260105013,0.03216196126597387,0.03206368001843285,0.029674049722349393,0.034051836351685565,0.025677655001217204,0.03658874017799939,0.08401759729673146,0.034470017206845734,0.08279357971197264,0.08990418955307647,0.050835793397555736,0.09852150641536571,0.066272917892415,0.1047934737796104,0.11056853787584675,0.08450728428094134,0.06861358238890099,0.06405556796205977,0.08766505835586239,0.005924182137800103,0.07892140892896984,0.04934219085289157,0.04563710760294142,0.04717452462856209,0.04065702038052706,0.038999928781963386,0.040158246475960044,0.03519707390499325,0.03435357500225153,0.03530494632521827,0.06332289971213804,0.030913894889332705,0.030897088864358543,0.03183098492754018
He,0.00305952380952381,0.0005,0.0005,0.0005,0.006023809523809524,0.04807142857142856,0.0005,0.0005,0.0005,0.0005,0.0005,0.0005,0.0005,0.0005,0.0005,0.0005,0.0005,0.14111904761904762,0.09963095238095236,0.05578571428571429,0.011023809523809524,0.007261904761904763,0.07852380952380954,0.04980952380952381,0.0005,0.0005,0.0005,0.0013095238095238097,0.012690476190476186,0.018880952380952377,0.0005,0.0005,0.0005,0.731142857142857,0.08488095238095239,0.1029642857142857,0.38816666666666666
Li,0.11029234657242809,0.05640570839258182,0.0808987145733279,0.08354418390189304,0.07695047305953823,0.07507692497219137,0.09007570712545579,0.10026995015979448,0.0728395962098896,0.14355494037478322,0.21950803919635797,0.1367163050670834,0.18719383825868666,0.17031966364903084,0.0692302152702476,0.09181761161248192,0.10295307770284168,0.11666975234769535,0.19707088149576538,0.136521111689917,0.06336146113449695,0.07352034789586821,0.057003952722204015,0.11808656567220517,0.028477909808946624,0.040656693933293776,0.0480114393118112,0.03547823010967747,0.05406029749250254,0.06168990665521467,0.02282348261928623,0.0327985625184798,0.04265216396581634,0.13975024286538446,0.03285434412265846,0.050622865248426616,0.06819798104945847
Be,0.020810173239955765,0.010089084961297463,0.037839637854773275,0.04691347217102841,0.007710145595281963,0.010224566900110617,0.07523481846664205,0.08891989955768531,0.028199479358643507,0.09133641264283088,0.44176310818282266,0.0514506081828234,0.1707886795060823,0.1705098368964251,0.03380031330630298,0.04799693604865448,0.0580414670106892,0.09247228621452289,0.051325032252119374,0.04469475672687061,0.050426833763361524,0.045476962771839276,0.03231630114264653,0.06800027644673785,0.0415418125691117,0.0462301188720973,0.10874972355326233,0.05805144213048271,0.05766202082565412,0.1638799069295989,0.01560217010689273,0.02490881865093997,0.03869360486546264,0.21294835053446415,0.01963854589015853,0.035949110762993,0.1315764375230377
B,0.09794221782306754,0.030898882542566116,0.09273634278790381,0.13649557199829115,0.034276048765710915,0.01329417003815067,0.2584597008574875,0.1548730861873695,0.04977222654925644,0.0659624359057529,0.2080875558007548,0.05532008358393732,0.10118655120687776,0.09834948760663849,0.07366866611857067,0.06667193122894646,0.0745035896381829,0.18028560250391182,0.09636616292738191,0.115409591960361,0.08830159271037989,0.10286284733490074,0.01618857589984422,0.0991027725492695,0.0416790672349485,0.05279797602820897,0.0778979522295017,0.04017908887013604,0.044701620114952136,0.06273733259773277,0.035111585282301426,0.033593271096109246,0.051050280175674465,0.08873389620878859,0.028979765690919312,0.028262436626929767,0.04202497241513313
C,0.17911396245750347,0.06966618036574668,0.15663220843687847,0.19684954558385123,0.07373148256955474,0.12352544237131287,0.2998706529633063,0.3236983114801706,0.09368624835779038,0.09976467716122267,0.24432249448287327,0.09045713481602079,0.13675174151746536,0.10869276259663878,0.07773863078185606,0.07718218951752819,0.10414232204678264,0.1013405818219568,0.10090258430849673,0.0807909421115913,0.0784737185980496,0.10565355377671166,0.013570279394861615,0.0908032643463804,0.06665220650965731,0.060549604456967436,0.058918700983098024,0.04917456949735367,0.048282104674360136,0.04715447095237747,0.04499951115299311,0.041936649658860306,0.040700530681020516,0.08576815725833196,0.04065514311700624,0.03789764883393096,0.0372473371939668
N,0.1843774046114587,0.06532427041627949,0.17944594327337396,0.2488037528339432,0.09811594954415613,0.0940306413101111,0.24085778061841798,0.20578095364431556,0.08544648352708091,0.10532369639669686,0.18557139670060588,0.1094460071873004,0.13811967946553613,0.11840755390477686,0.06820836187351824,0.07486667671602452,0.09941534055279058,0.10276170469344952,0.10058098620423031,0.07380599705754201,0.06765203921662737,0.08962583811682491,0.016687429453475563,0.08298255993439241,0.04273715450291433,0.04869908229221502,0.05353828204138274,0.03703047248082237,0.0436933782740781,0.0481196830833009,0.03177744440692374,0.036487236505712485,0.04111835294968495,0.08589388235009873,0.03089050214654104,0.0370992607688933,0.04298036394770716
O,0.17848909994310452,0.05859211853184271,0.12706555795627478,0.23343648420584825,0.24637163238181506,0.12041744806823344,0.1249867181843752,0.11673852778391747,0.10283114151696053,0.08778456967996899,0.09737791367002278,0.10415514475354402,0.11242260361355873,0.0972360173596004,0.054856682579425525,0.05382878910993788,0.07403449738605897,0.08074091991641326,0.06726571319119569,0.05497980563154969,0.05979819028793459,0.0753422177650919,0.005120205079899816,0.08602560539525624,0.05420027095346511,0.04112511431128323,0.06007858983927432,0.052944587879694666,0.042940585096657644,0.06359609389303783,0.042447599456047896,0.03705744535661914,0.05571435314882991,0.11238525355307002,0.03787302647264408,0.03496638172092389,0.0542110543267934
F,0.21531899804969784,0.04826599357296805,0.07083792633230744,0.11190872669805618,0.1524775542941129,0.08984235019898884,0.06763244116045289,0.06421425494579233,0.06148810524256831,0.0609240926316411,0.059824000665952906,0.06493488538643517,0.07179278254342789,0.0637782754847972,0.05880175184063035,0.060251132393587405,0.06905764240146213,0.08882716264712655,0.06881161568913009,0.06218894059756071,0.06147481646502421,0.07258098530134077,0.0055740112367272145,0.07976723563828395,0.04842349141917429,0.0429813743056287,0.06426801391112676,0.05284851824249992,0.0448882603685989,0.07262513279527663,0.04366095316620577,0.0386818727173712,0.06563288513273763,0.1317733257223761,0.040862364628090585,0.03749575451503658,0.06842146315293873
Ne,0.10674814814814816,0.05033703703703704,0.06695925925925926,0.05495555555555555,0.023440740740740755,0.0050999999999999995,0.03248888888888888,0.05763703703703703,0.14057407407407405,0.14557407407407408,0.059985185185185204,0.13624444444444445,0.11512222222222222,0.08691851851851853,0.06316296296296298,0.06422222222222222,0.06931481481481484,0.042361111111111086,0.03763333333333332,0.03116851851851852,0.033048148148148125,0.03553333333333333,0.014598148148148148,0.10277407407407407,0.021485185185185184,0.019777777777777773,0.016492592592592586,0.020018518518518515,0.03222962962962962,0.027485185185185182,0.015540740740740733,0.022200000000000004,0.02226296296296297,0.3523666666666666,0.02233148148148147,0.07120555555555555,0.2152407407407408
Na,0.10278880317998873,0.0698414407634487,0.0696229964933577,0.059055161481429586,0.05738191520022591,0.06792782772644516,0.0732762577458199,0.08808702944613785,0.0944890297503667,0.12589810137222604,0.0931614534129614,0.13622333995163763,0.14128521648278902,0.11925153915744058,0.0718093566361857,0.10325244383776028,0.10886614534129083,0.14058299841480335,0.20683757785854684,0.16409889436856023,0.09258793612796304,0.10981122804348327,0.03340602933405808,0.1330400821417651,0.032035376603204706,0.05689322970873663,0.05674945158758956,0.03626174483211226,0.05967205138263547,0.0544660584759701,0.023012265223449152,0.03550232374745653,0.034659780154675114,0.11391324075704327,0.030486077530302323,0.050747428065902205,0.05198202648391232
Mg,0.033997059570147425,0.03078812686861956,0.03606816931799037,0.028013087380831858,0.023332966661026435,0.04333882636656016,0.031665199977436706,0.0473717175777071,0.05611318892085458,0.11476457522422977,0.13602924564223604,0.12947198835109797,0.14040734825407095,0.11545254766739549,0.0284010443109393,0.06762070922885725,0.06447534833869009,0.14586596011733186,0.4455462994302523,0.2492338487899777,0.06557553802109563,0.1006072058159821,0.05543571952388958,0.1439702078749876,0.020440740113951143,0.03728937143904891,0.033634607519604016,0.03357846434817052,0.05882804126473633,0.05022912788401883,0.0145486792745531,0.025187609296554253,0.02711883708467409,0.21269204462119348,0.03752947833812919,0.06379335547469808,0.09123441290122106
Al,0.03770539834665503,0.025398388671871695,0.04869150163516791,0.05039560319766773,0.02736828897165384,0.0316840627271032,0.05328758289425184,0.07437906863189644,0.033468663699123054,0.10510557435501132,0.43095661677873415,0.06733426712390608,0.17682575399710576,0.16947813294877587,0.03464944245094008,0.060908275799412104,0.06891384107012395,0.1122848723655486,0.1860721713753797,0.1159474847837898,0.05887919694766781,0.06156695357920838,0.05573672896983449,0.09522981468022576,0.0254220214843718,0.04839816042877326,0.061387832712566225,0.031418078897161965,0.05481367528160809,0.0782070074037001,0.021106792787062116,0.03591757926053327,0.05266539107920916,0.2306958655069269,0.03200711527979349,0.05548707076671041,0.1307062545421526
Si,0.032426677083695024,0.023695730760439383,0.061547282278262325,0.0674325332744638,0.012970743249261764,0.006198805526835267,0.07454882837458647,0.10579380186732053,0.03113398371999754,0.12171575449888228,0.6954972263206346,0.048305037931153386,0.24392060112845848,0.24917023904954394,0.04684446968024171,0.06877836220282765,0.08314339486737961,0.08025970448938424,0.06604415910560058,0.06686962254724763,0.07724059562948786,0.06363118196497834,0.06848215357566874,0.09349198004886558,0.027144024148917048,0.05741715653813246,0.07732482835135357,0.027957274688162947,0.05153507905711782,0.07285606298236216,0.019506840774343122,0.03324385143533775,0.04767495866103769,0.10110463886984608,0.02013064659161512,0.03311963610100554,0.058682131502408225
P,0.03319273846227131,0.04754943066238311,0.1384904130379433,0.17176361364502504,0.018649267370161895,0.005094767099993509,0.12707150888372645,0.21670567072977023,0.0631416609719617,0.1380630780783151,0.6991230273822501,0.06550008740702996,0.27047246479880743,0.27719341785328616,0.05950989487317673,0.09227990115058966,0.1091649966626356,0.09977654193947769,0.09587441000253794,0.09410393490559563,0.0828762038331906,0.0801277870923605,0.03227169283580099,0.08970355110926947,0.03475467031657112,0.05419691214798466,0.06940761076854188,0.03392713829381367,0.04761580239653885,0.05824043886275126,0.025525614233043763,0.03567706677896978,0.042147723841456916,0.08756751398511965,0.026931395413515205,0.037011275506959054,0.042751718342760175
S,0.09335122017003396,0.17031536888648632,0.22386113044964095,0.14090550886139608,0.014620983097890583,0.009399084123267325,0.08446690695079079,0.15612775938699802,0.12495634082693903,0.13334722977832864,0.27044997256752124,0.13815950962673693,0.19725837613419997,0.18989823809569115,0.07004370182022147,0.11731220953820758,0.12615735882634807,0.07768102569894626,0.10132826446775668,0.08777242203636128,0.06699472558276165,0.0728495626936348,0.01105620205075344,0.07029313357553202,0.0316749202382667,0.04794971437923605,0.048803721599286295,0.028995502452784934,0.04344388900670772,0.04661902363344117,0.024473276362862555,0.03567931750700341,0.04121306178997733,0.0889991816354316,0.023713527450941612,0.03417087221525093,0.041339570577599134
Cl,0.17882540349545328,0.14456191147499173,0.12544459731785634,0.08633800764517206,0.04508936091380395,0.04139532839920981,0.049049736575753046,0.06607630040303922,0.08901411104483595,0.07720764653255513,0.0723385453378831,0.08206302074860769,0.09074013175730145,0.07880308698873562,0.054149060619202286,0.06330267807117065,0.07545002394765431,0.06645326591841126,0.0688218746046334,0.058078611578011655,0.045336869001786996,0.05385051238952118,0.010032607222252545,0.05977952791483271,0.030392827450342882,0.03453881102134466,0.04542984239729382,0.03132920801026618,0.035244652442660736,0.04844491360768956,0.027018704025014693,0.03063614695729224,0.04601446574129071,0.10469382014856049,0.027903728153410315,0.033034931952502275,0.052915552874619756
Ar,0.022980337078651707,0.05573595505617977,0.07758988764044943,0.09701123595505616,0.11724157303370786,0.04458146067415728,0.05088764044943822,0.11976966292134843,0.12282584269662915,0.039932584269662896,0.08651123595505622,0.033876404494382006,0.05766292134831455,0.057466292134831426,0.016921348314606736,0.02272471910112359,0.021646067415730334,0.11733707865168545,0.1301460674157304,0.10227528089887651,0.07195505617977527,0.059915730337078636,0.0023904494382022477,0.015252808988764027,0.003977528089887634,0.0046123595505617905,0.003955056179775275,0.039955056179775295,0.03184831460674157,0.034252808988764046,0.03000000000000002,0.011404494382022462,0.015269662921348301,0.08164044943820224,0.023171348314606738,0.03713483146067415,0.041879213483146056
K,0.08992080508916296,0.06945221086661357,0.06681170872874757,0.059971522056519934,0.05186367452288842,0.046444803942015285,0.05524223068098596,0.05966587756804362,0.08012216602356417,0.09171106476170125,0.06432831108561529,0.09890976900614777,0.10132487746375543,0.08713064970277969,0.06645907289602289,0.06478525654395285,0.07098427103972887,0.09216487642089445,0.09891445666909529,0.09492426478255862,0.08263155959953669,0.09222071383876869,0.026659031181563174,0.11915629106267099,0.03713881791636259,0.06633352017936886,0.07987533893001984,0.03344421211805267,0.05583727969548183,0.06608802534153374,0.023147713525916123,0.03477083637501379,0.04145058660965625,0.11611514235060448,0.02710999582855461,0.04847209302325394,0.05914834967149554
Ca,0.08071714429389691,0.04981469438260467,0.04494438825669722,0.034003220593719734,0.035076099239488484,0.05060031301910688,0.05186893313595227,0.06834594826709078,0.08840299515215384,0.1029969178353041,0.06784571661035012,0.11394449278473467,0.11052986111895337,0.0912068186184173,0.05351908625540792,0.07133710010960935,0.07482179381419589,0.10501789972087756,0.16499282429118178,0.14462932096323514,0.10040910580497414,0.12406709287739756,0.07896849750827442,0.1701874244290464,0.030742132146046455,0.07320985275671178,0.07471237555512501,0.03950018645542596,0.0765201258856595,0.06451119015063042,0.021571276824156483,0.03758751822178081,0.03172590204875069,0.12440300362740009,0.026553701987728773,0.06008118156238105,0.05774781621144944
Sc,0.029480280411539255,0.057086611525788145,0.048237542868670255,0.026113139667809825,0.04064474480532612,0.06376159975791824,0.023532966848227994,0.04013633918364611,0.0651150225270661,0.09282398628202547,0.056475506018424826,0.10826533185394423,0.10226940017483711,0.08311231591688534,0.029096900006724484,0.06572397619527968,0.06375800215183938,0.10447066438033815,0.31228982583551723,0.19074734382354974,0.05659429426400358,0.08329096900006715,0.04520373545827451,0.09904638222042975,0.01833245914867868,0.0401588326272611,0.031246402393921072,0.018809982516306976,0.041789422365678064,0.038450339587115794,0.013725657319615342,0.030574019904512157,0.024855204760944185,0.1809266357339795,0.03131080626723153,0.06280596462914402,0.07996178804384402
Ti,0.041426389863206445,0.05988257190459501,0.07074078831988646,0.036606076815153564,0.02375523500526204,0.050008312872677,0.02269331374956202,0.06835077604349266,0.06952414503682827,0.08244180550683763,0.06878333041038148,0.09138719309014096,0.09668863118203798,0.08231456068046089,0.03321523149772103,0.11202999824622567,0.10444863205892348,0.14959005612065757,0.5335697036127683,0.3006540775166582,0.0609625394598388,0.0938653148018208,0.05164516836197918,0.12604372150122375,0.020999693090144222,0.04799641792353678,0.03521023325149169,0.0265297483339186,0.06317236934408976,0.05189613732023958,0.013632633286565984,0.02864222641178614,0.025054353735532,0.18044024903542102,0.03224095492809612,0.06287190897930567,0.06943312872676191
V,0.07469475333819932,0.07687805375466876,0.1524496962345925,0.09654681529345902,0.021645388776780905,0.06013038834743094,0.04670701665879595,0.11262534884719155,0.06332547979906486,0.10035198681894135,0.2391783897213469,0.08222686874758432,0.14323982439568603,0.1372779238761722,0.08882909707612321,0.18186641835901915,0.19255388347429972,0.14978821755184202,0.30281963526683797,0.21025547958438656,0.06659026018633854,0.08789549611437801,0.037063382851745666,0.11505080825211214,0.026729680992658506,0.0529000257610246,0.04690728178266383,0.027210929114250573,0.05388963548151745,0.04896258748014346,0.01732371409557319,0.03322791528916825,0.03196419754411641,0.14663239556051313,0.02537501073376014,0.04453048924477352,0.06808084131209559
Cr,0.019680535326813905,0.02929428112831833,0.03882415361293656,0.03326880034479663,0.0229247763279138,0.05440028386291453,0.031805219510745476,0.061106649228666744,0.03810530422376172,0.08561309187646877,0.12381492435276181,0.08387122878459222,0.0970269372529209,0.0793264497815308,0.024430579912611782,0.05958116101417935,0.05968037184555586,0.18509234461849303,0.46821878251047433,0.25245028683529774,0.04954289896858278,0.06860085307493506,0.03726075260826957,0.09939243676247693,0.013998417204173235,0.027820074012424693,0.027445984305799136,0.025026803495526447,0.04731901138424115,0.05490565645156582,0.012063490176262586,0.022971955533097308,0.026830388193680835,0.3450741759058308,0.05348496715512942,0.08488272448949342,0.15468807032666368
Mn,0.031916826610190234,0.033769761298080306,0.03889421390515899,0.028009723463163674,0.021660315805730437,0.061621364042486255,0.0341729623746658,0.04742992819087193,0.04853047199885103,0.1482306247724882,0.11703745160329064,0.15092809711328917,0.14359149045302053,0.10938998367472474,0.030451277893599995,0.0816853938471333,0.08288165833856792,0.16159588338462164,0.41785166892794584,0.234703420585279,0.054149635439069886,0.07279078559846032,0.05898113769482503,0.13576985230042324,0.015273095293248813,0.027906096605889295,0.034180909913190234,0.034424126101680844,0.06131149552709376,0.07427139934036689,0.01259371311647228,0.02417189240764756,0.030611607487564085,0.2830691259362179,0.03673529071114252,0.0645086727996711,0.1459747482268284
Fe,0.044209441706476164,0.03726593168653029,0.04824787242593025,0.036688339286516485,0.01847963607682339,0.03147727866447183,0.053087402601310965,0.06591314247963416,0.04813643979241105,0.0825952171029761,0.12317225688635089,0.08732672077285288,0.101740451035647,0.08115006556042186,0.022437001703062443,0.056979950063544144,0.05746854732156082,0.13809381169839072,0.3092338296835784,0.17287133703085006,0.04791247933966727,0.06397236414421585,0.03538385128583445,0.1177212991012382,0.02531107669816341,0.03476799520730225,0.06290296930967458,0.047126432407444574,0.06188356241804394,0.12794911531099312,0.020088810517800888,0.027562493406275503,0.05620749122092484,0.29351220403613887,0.03487860393965146,0.05849466724942154,0.16925550983909643
Co,0.03538146543912459,0.04553517404279444,0.05531392946463996,0.04745027909674042,0.024511000761173914,0.03411477400413306,0.05323900225935326,0.06502831744535545,0.04772994671789406,0.09523203994345122,0.13305249072697517,0.0945848828639389,0.11223603912186755,0.09312184203848928,0.025914059951430975,0.05227005630263148,0.05543939915666693,0.1384410936725943,0.2630626638636115,0.15007392741067857,0.04520146616405059,0.05574990334311797,0.04297870528109041,0.10822876267110801,0.02926630178694513,0.04029257131465477,0.08003441589038733,0.034303022339822346,0.04541889581596483,0.10093407698720037,0.018053961723876116,0.024252537243105127,0.054585160752472266,0.34427521234308456,0.031782129351070526,0.05665027426389623,0.20274712445781115
Ni,0.040812141545151254,0.04317750621634156,0.06458564493758409,0.05647545326185899,0.033961617998026376,0.03748331584011258,0.07193664954829657,0.07355953630467807,0.044517911809173784,0.07793293536254328,0.10205764953580002,0.07598930726842983,0.0888110950756538,0.07337195274330859,0.028085598080744813,0.04122313853381855,0.04447971098699256,0.13976016793492038,0.2185667585060733,0.12510217290799358,0.04626120190925998,0.05507718259174435,0.0429651135185119,0.09478629843435209,0.027485415026678117,0.036094707051018735,0.07848340330621517,0.027790181304745424,0.037859816820982856,0.07621494795766282,0.019348374379928448,0.025057399632643265,0.06226185165748061,0.35879978070997653,0.03453066311804249,0.056840627381888435,0.20315757643912585
Cu,0.059421838587346246,0.0374659892589292,0.056369245476883455,0.06674532064318939,0.03749094053218076,0.0789369571204563,0.08896641296978446,0.07218337676369203,0.05643603290114537,0.28463843428244434,0.19941153446887475,0.27485036386169853,0.24932126287021397,0.182327327231893,0.05387372886741869,0.14061737320451975,0.14225542879538428,0.10917426962840084,0.16687033388415198,0.10106235699758027,0.05422085928562107,0.0681938026990346,0.03612185394686717,0.1039191771535054,0.031944403838821245,0.045254695245963,0.07175577570865291,0.032193296894200106,0.050564231918137324,0.07562423732044889,0.018237696495911927,0.02882605080293315,0.048655459514425875,0.2116535740010983,0.027268688297106804,0.04549512997330525,0.11592613660437752
Zn,0.04216133603801353,0.02720433420401896,0.049235998416094016,0.05587917859226846,0.0273471010364861,0.043183587128685266,0.07558207477700002,0.07690856767721387,0.036464848417485186,0.09553614499680148,0.31561973073609506,0.07782840331230484,0.1525270514352372,0.14427804832300103,0.04807949745741555,0.05516728957679105,0.06960808764275753,0.10413715022090904,0.13308383235612348,0.0894258586433954,0.04570220148942704,0.04774216731041776,0.029664104398811692,0.07800899630421795,0.026023980881986063,0.03546458095979216,0.06410931725345101,0.03127630811126341,0.04453452288326413,0.08760936935559693,0.018238992552866755,0.02962650748881642,0.06323527940645104,0.24237207880622993,0.02817054422430397,0.04573256314780385,0.1419948974629684
Ga,0.039143846318207096,0.022939120883524285,0.04142192382682115,0.05198100010683339,0.02730694292353391,0.029151628562272217,0.08081566664885721,0.07696305186826927,0.03480343073101732,0.1019747135493149,0.3813348701957765,0.06947325792580153,0.17476471982585584,0.16950754186586486,0.05698193824951114,0.051114203012739265,0.07014364934162814,0.0951764676424199,0.11528942202397982,0.07931829745465889,0.06091090649288033,0.060644944713013335,0.04985573969712304,0.09118963502576999,0.02838407427686308,0.049110767607702444,0.08570917576987451,0.027310208060682975,0.04363969979434325,0.08462877260222412,0.02056391389118937,0.035003071499159356,0.07346901792152749,0.20461843967842183,0.02374449467161735,0.04350015691354442,0.11691970032851268
Ge,0.06022011311825353,0.03318491660414477,0.06597423674034429,0.0900230507300694,0.04330382928377615,0.022075321752179262,0.11129843885265238,0.11525194782708503,0.04943414901598518,0.10648994632653966,0.4107517458302155,0.0650693628441145,0.19125904080336725,0.1915364142667476,0.07671225832515355,0.059229987880184666,0.0798714376406726,0.07425339066196925,0.07869947480809934,0.06726269117561906,0.07930034050902818,0.07845080798752997,0.04535498066601191,0.08609857159346297,0.02673193282160879,0.05539724129970389,0.09648797829975929,0.018653361805275652,0.0325796906562021,0.06016377618745087,0.016034224043401088,0.023807825936400788,0.04731568938650577,0.12373648929415974,0.01989743752525035,0.030138919028107475,0.06775086570092613
As,0.040307947553978554,0.09353909832476807,0.11869170103924005,0.07551313454847121,0.011264430721017652,0.008370284812314166,0.08414995852247838,0.1817891674539676,0.1323585789340253,0.13207408346198862,0.35691839297646893,0.10763348272921978,0.20383701062285117,0.1965885026614715,0.07411772703182307,0.10248609350876686,0.10806851856118936,0.0951802428739306,0.13891554715763482,0.10827201189022138,0.07611135562366114,0.09107222273428986,0.028560326750697355,0.10233837016383485,0.027989503882757213,0.05319793418900018,0.06561204691568641,0.02787063621909376,0.04509645828052718,0.0559309399267239,0.020957520105076264,0.03146724427955894,0.04014098324769075,0.09750099085190102,0.0247703067032285,0.036370146553909855,0.04557268359564105
Se,0.07422832652048557,0.18191220596006605,0.2147857593537263,0.10724792378959136,0.01217340940712056,0.010422732616456397,0.06408760259714771,0.16026402116116265,0.15627326164564806,0.13441292858914336,0.18427943904569355,0.15168084601528947,0.18380768629269242,0.17102166269399993,0.07503668421109015,0.12323596535694102,0.1287467886148116,0.07792567706029785,0.11348443920747556,0.09527757584908446,0.06628467541011537,0.07152725498020464,0.009931967708187257,0.06373600310622289,0.024459662197871997,0.04355799907244552,0.04604517779910794,0.024662931285525776,0.03964059719361067,0.044197415252865434,0.021257013276962014,0.03202079985331805,0.04088018648144318,0.0902094707550889,0.021698205291371397,0.032494286376825075,0.04202316727245219
Br,0.15243064119917707,0.15738234446282323,0.12655342282047213,0.08328222915726627,0.04649016769439082,0.047421028224796595,0.06015330626159406,0.087424875921191,0.1227490788088419,0.09081549230460702,0.07700001253321329,0.09874892214367995,0.1046228254875409,0.08921627312377783,0.04843287837770164,0.0636694051737112,0.07003522459517779,0.05560546698751763,0.0633522522183795,0.053706359352284336,0.041226305960796863,0.05159067152955426,0.010111094400160454,0.05742672457011161,0.029351130495814164,0.035890860781070406,0.04547153080663845,0.0249481438311526,0.0315005765277991,0.04127324911014265,0.024736294931568713,0.029885979094601004,0.044973955983356656,0.10635121822830385,0.025595847746528462,0.03332500501328564,0.05402198325562827
Kr,0.0623878205128205,0.0005769230769230773,0.008346153846153843,0.05250000000000003,0.13412179487179485,0.67975,0.06357692307692309,0.08671794871794873,0.09191025641025642,0.04544871794871794,0.051102564102564085,0.04149358974358973,0.05701282051282049,0.03969230769230768,0.051217948717948714,0.06906410256410257,0.08157692307692307,0.0995897435897436,0.11811538461538462,0.09536538461538463,0.06291025641025638,0.05452564102564102,0.03160897435897436,0.08106410256410256,0.023076923076923078,0.05062820512820511,0.06562820512820511,0.029733974358974364,0.05207692307692307,0.07394551282051279,0.023221153846153843,0.03363782051282051,0.05000641025641025,0.20318589743589746,0.03655448717948717,0.045381410256410244,0.07973717948717947
Rb,0.07693300676628162,0.04746078552297778,0.048788395122639355,0.048813248872286816,0.043720978996335265,0.03930576014942225,0.050543337679729974,0.05597453834226179,0.06528076543558027,0.07768394065407482,0.05800810544121861,0.08446688222441595,0.08686746722582565,0.07529257999718161,0.046687746687341894,0.04742032879898568,0.05292411721172896,0.0755812746687351,0.08226236960812042,0.076001779672964,0.06339659395263686,0.07080122286439337,0.02525585882435855,0.09375759444601159,0.03149827318861009,0.05562541408232377,0.06805914329010516,0.03141225859881588,0.05275848428249288,0.06631915174795681,0.020255488793346384,0.03160273646743717,0.04030509056949561,0.12018262792500711,0.02601814914011824,0.04562189878770843,0.06243387017197714
Sr,0.0564445638361492,0.06096671307370341,0.050161912281358245,0.03666265510539773,0.026991880325908886,0.02844739497682835,0.06686234396023327,0.06217860012707466,0.07443133315891702,0.07145752821796937,0.045640688069966726,0.07566535076244486,0.07470475781133125,0.06564032833756922,0.050726865002243444,0.05584135801315682,0.05836546942741899,0.07344584859470707,0.08577984844520692,0.08385001027806703,0.0646864161309615,0.07556525639108896,0.03461347921961506,0.1212116441172041,0.026609171774555764,0.07079687733592431,0.10463899218866522,0.02347164654656938,0.04425420933622471,0.05590485311705891,0.015233648527432855,0.027648200403648446,0.030988147518314503,0.219502957280605,0.022673661982359396,0.06464980284795961,0.11752280796830301
Y,0.02481347418905349,0.04877454713373808,0.04336396999254733,0.023215852749603035,0.027399794225347572,0.050091715544898566,0.022381614763926305,0.03329053112544175,0.05170826987264724,0.0788000178230025,0.06093559415405644,0.09261510418354531,0.08824180141935992,0.07630010693800947,0.02834099452347779,0.04501275154736115,0.0450726368320431,0.0936499238471768,0.17632527787679195,0.13352132279075707,0.06352399624096794,0.08010633040604127,0.1393893029586172,0.1532327927022896,0.019699107229657314,0.043767847305486766,0.03989998055672613,0.029689385592533802,0.06262969474059522,0.05052841958585898,0.015820311740497105,0.03259607407887495,0.026282680903464094,0.1312829482484841,0.02882581256683624,0.055117121423248455,0.05433755954502812
Zr,0.02691504340461582,0.042633601524455306,0.0364896958148072,0.025791525513444914,0.038080263250759014,0.059187645564260816,0.017183287458536207,0.03182215576258037,0.05409092031900711,0.07723295574846607,0.052026483873245044,0.08305990189851176,0.08367919401510432,0.0718980609076162,0.03154070506034296,0.07566343778671847,0.07151521808172875,0.09632349671818824,0.3015073752558366,0.17132072658620784,0.06949299527136797,0.09585344766744396,0.08106388947702828,0.12185239784035577,0.016541993083492103,0.041110205377938094,0.03359612534406111,0.01988527771896386,0.04626239501729189,0.038463238407791936,0.013013241936622252,0.028338044322111514,0.026763859481967568,0.16178038323099606,0.02614418801609136,0.0640376614439979,0.06469088326628616
Nb,0.05589714962926977,0.07170563388841696,0.08086935699525973,0.041073167618817026,0.023603239333900725,0.06804687006199184,0.028515643612495846,0.08311269600097174,0.08565349459098025,0.10844020299015286,0.06940547587212927,0.11625722012884195,0.11517618208338201,0.09689663303755844,0.06678935213322026,0.2003072565941369,0.18431791661601635,0.146042020177463,0.4136417527652817,0.2754210343989283,0.06983849519873668,0.1029497447429185,0.03522510635711734,0.12258455086908729,0.023411875531785625,0.06360422997447517,0.04403929743527493,0.029086258660508353,0.06561072079737533,0.05701921113407161,0.01802033548073398,0.03571495684939896,0.03123879907621286,0.12529996353470046,0.02135499574571528,0.04103916372918514,0.05103723714598362
Mo,0.09650368132631942,0.14269449046504076,0.27196791076765936,0.15040593067172803,0.029850867182612595,0.04767759865143378,0.056191281252170704,0.19020971395138286,0.12639745290450644,0.15684144808489506,0.2404748128924585,0.14642029392682104,0.2050040491693073,0.1909201462103438,0.11093331614801447,0.23810794888430467,0.22311284380285687,0.13205787010218292,0.2979714965127322,0.2462763949069668,0.10831998574970116,0.1495697192807619,0.03030920534328222,0.12765651574483425,0.03218222710105001,0.08227708714692518,0.07308506151956504,0.03395928238756199,0.06872896053942278,0.06883047651597327,0.025400378270038226,0.048205517065596594,0.04509453564890918,0.12318908288342031,0.026838867391154028,0.04620486537525675,0.054465170771831134
Tc,0.025719847112117777,0.03756653454133636,0.047877689694224214,0.031034258210645534,0.00721206115515288,0.046002831257078096,0.03810928652321631,0.11026104190260466,0.04899801812004534,0.11611891279728198,0.1823202151755379,0.10178369195922987,0.13063250283125707,0.09666817667044167,0.0448108720271801,0.09474037372593426,0.0985713476783692,0.17376302378255942,0.20882163080407698,0.14861112684031705,0.06553001132502836,0.06860362400906002,0.060393544733861826,0.07869705549263874,0.01583238958097393,0.05585872027180072,0.07070130237825595,0.02188915628539071,0.05326359003397508,0.06864043035107587,0.020238391845979628,0.04216421291053226,0.06899971687429224,0.3447712344280862,0.030029161947904868,0.06663009626274066,0.20006455266138162
Ru,0.02498523360944188,0.08638841968491226,0.06268954036056555,0.034253992745384654,0.017944656488549555,0.03046629852200751,0.03663881219208491,0.04908441611174278,0.06545081479075339,0.15010114503816874,0.10599662985220154,0.16315221157490173,0.15570873260787255,0.12555095825889326,0.028836865897893863,0.06944684911482914,0.07448153862812025,0.13432360186237943,0.3667284391749206,0.20323393427535036,0.061440365979102664,0.08954008987060874,0.04485199772616527,0.10766921119592957,0.021033904498944354,0.03970689188457577,0.05776790644794562,0.03002583779979424,0.057720561961994606,0.0747712765957451,0.018702276541605795,0.03179611282551016,0.049775675383032875,0.24683779979427053,0.02753992745384656,0.054855110714092485,0.13075220616101008
Rh,0.021888684288684342,0.048729462429462564,0.057980531630531885,0.05380332640332674,0.020603578853578802,0.03724309474309469,0.06519480249480271,0.08290901395901458,0.05655645975646001,0.13258583308583383,0.13943810513810598,0.12547383427383502,0.14427595782595867,0.12240392040392113,0.045088016038016064,0.06432971487971512,0.07629045144045185,0.08847591327591377,0.19760588060588116,0.13734705969706054,0.045573373923373885,0.05098912978912983,0.03858843183843165,0.09264858924858996,0.028879254529254515,0.04682760617760621,0.09343056133056198,0.025439842589842634,0.0407683991683991,0.07533964953964987,0.02220778140778142,0.031738223938223876,0.06941283041283074,0.27927444312444194,0.02688722898722901,0.05770415800415805,0.15382425007425066
Pd,0.029021039092287183,0.04986092608755584,0.07214154301989129,0.06933832514125662,0.048768730763930485,0.046830090955028054,0.08890621985392151,0.07441269695438528,0.050325715466948716,0.184934781110753,0.11671458266342134,0.18197719233772722,0.16227010887041152,0.11985367954430697,0.03601275896917636,0.03790415269419817,0.04136563461803485,0.06842791354678734,0.09783919794202865,0.06332557765630076,0.03612375396205608,0.037671023014378364,0.04873465708117082,0.07980642197620558,0.02308363957921808,0.039250964674537245,0.07258473058018362,0.024415878083513188,0.0383616725618998,0.08026156461022635,0.020875740732233923,0.02769441637190486,0.06934639854839501,0.3118071569663255,0.028823303780605332,0.056356458725711114,0.18100724654324907
Ag,0.11407658871496759,0.06266708454400653,0.08734778915549678,0.10358144507451379,0.11011361772424606,0.13117907020339062,0.12773343916955418,0.11206163300215406,0.0993386153810097,0.1276018136657585,0.15232737369950053,0.13464689755365794,0.1552718858374704,0.13201997024088258,0.06096401373137222,0.0719019003655458,0.08988801668384999,0.10224808440341045,0.11237167846095993,0.08749479801293447,0.06524332177336288,0.07474353266473002,0.028319769894085897,0.10325007615521481,0.03276957774861804,0.04526018722467039,0.061646094994845455,0.03429471482800686,0.04750970100290643,0.06961196574186952,0.025861661121004985,0.03636932350735837,0.06122709485425145,0.169430036788824,0.03027604508388825,0.04474069148936242,0.0928398983034955
Cd,0.056215573794180025,0.02887581279079884,0.03901598127330074,0.04463419356703269,0.044960256336156364,0.07205844146461356,0.07118252030170878,0.07688076178366103,0.04864886715024794,0.08630611507672799,0.18577475218911346,0.08207438661387786,0.12185250556310011,0.1133799598300717,0.043018654451926784,0.05959416091090467,0.06629102245470146,0.11522189550038939,0.20049660434066088,0.1288625841690014,0.06099293413865946,0.06316316504349437,0.03630907724763792,0.08384230413548,0.02955382481287767,0.04237807415542063,0.07757380140450319,0.029648216917608456,0.043871391208855415,0.08287175244920997,0.019494942635031553,0.02986012050978252,0.062422159928330785,0.28631842614801917,0.036370184666069665,0.06181073172846353,0.1568357367858261
In,0.04892124697771308,0.06672914921121334,0.0693030665741032,0.04792347329614882,0.025251855265363256,0.04233107509635511,0.06891791348478724,0.09177561463145939,0.06305162425490227,0.11600327963038166,0.3000721578531549,0.10304872764704341,0.16922581571828424,0.16003004931414744,0.047122848490652854,0.058038403993010856,0.0685508522251222,0.1004564491417895,0.18928873913771657,0.1180277870873512,0.055988425538027964,0.06408986666028373,0.0372454815311331,0.0849901431546693,0.02344074521820327,0.036339734996290195,0.050813593708856006,0.027377989371125237,0.04481684341560415,0.06767750700213136,0.020523406267206147,0.033511442797980136,0.06797339788858875,0.24052274196250753,0.03176149666052267,0.053459806573624875,0.12707652071912307
Sn,0.10238544620987317,0.044955270239783844,0.05740291430321001,0.09110424052468374,0.060047884169137235,0.034893620278459055,0.10473427227020407,0.11571337985045348,0.06953629383137698,0.09438221122856538,0.2677820154376642,0.07750886699110364,0.14877884491426754,0.1451321306561779,0.05405560703235803,0.06971469720897144,0.08137980614283698,0.08980970010957606,0.1372172876111858,0.09420933108804663,0.06624205959133612,0.06686007396544945,0.06632099635812705,0.1041107104872988,0.025843322966353582,0.04562880704525025,0.07472155794765874,0.020395219640325216,0.035541305433802635,0.06330031745520127,0.015249536708779245,0.02371157905762598,0.04548320065747133,0.15432592335954162,0.02304943921619239,0.03848141195049724,0.0808561662047165
Sb,0.044257270221622576,0.09143978981512456,0.10427429969625025,0.10689423257208935,0.02987897495031389,0.01867929463381733,0.07775533899576172,0.1324405773052803,0.14049342820714367,0.14408531612104494,0.13620656616791915,0.16418993043836547,0.17367091817601854,0.15671396295045897,0.06258773015337361,0.13097902369969952,0.11195379589004784,0.10436650166872685,0.24800173904075734,0.16468355551805233,0.0919217056661771,0.1255030983987665,0.025315619492256834,0.12022730340870416,0.03280355870551689,0.07395020062249169,0.0845474697191272,0.02168968200397526,0.04201936382045322,0.05624202666216743,0.015885312371095323,0.02620020999737568,0.037670027562156476,0.1082210503618677,0.02273232834589601,0.03601165297933862,0.04936375482806564
Te,0.04668188536098765,0.15753792152129123,0.1586023228317329,0.07514704288494284,0.013537903047023153,0.017117003719486695,0.06049721038500454,0.14387429489863537,0.16935912136364453,0.15221940660639657,0.12176805552134225,0.17649426065965124,0.18528269330245725,0.1600078761977455,0.07774442692809874,0.12780020691183863,0.12118227947877751,0.11221739291080518,0.23122889006576428,0.16028634505012418,0.07212322954898251,0.08912720767544403,0.019017790723452353,0.09116379289110006,0.024014988792275333,0.04944367194620389,0.052035119590118556,0.024477658447668634,0.04592846146267049,0.05204607483311665,0.019091330640194856,0.03140600906470967,0.04177453999064052,0.11823940192624878,0.024944404758972416,0.04164885336354975,0.05251276572160598
I,0.08583655093896121,0.12922380824131183,0.10667272237592593,0.06294083441471061,0.035822429792131454,0.045396659158240954,0.04415838087309989,0.11613129544842322,0.19516529760301396,0.10624660284503952,0.06752029723575724,0.12083610410596449,0.12298566461816972,0.09815796464510369,0.051106070807728096,0.08705510124133872,0.08594377861567473,0.0667504774379951,0.10385199422177459,0.07856284430624638,0.055382721641408436,0.07078579560757135,0.014185019464779633,0.06806633939720493,0.0222759469186886,0.033366586685601426,0.0339853830521759,0.02194822858262121,0.030986264476165308,0.034364768748623375,0.01780562152633251,0.024196257620645038,0.030783959307592906,0.0819782765712609,0.020526620228680462,0.029136192248366014,0.04050874078789594
Xe,0.04201444444444445,0.010502222222222225,0.02054063492063492,0.028868253968253987,0.06833142857142856,0.3318907936507937,0.043839047619047625,0.06999714285714281,0.0794484126984127,0.09307158730158722,0.05229523809523811,0.11419746031746031,0.09852904761904754,0.06487523809523806,0.14474380952380947,0.23947968253968255,0.1790190476190476,0.08881174603174598,0.1390771428571428,0.12258793650793652,0.09172952380952382,0.1239707936507936,0.028447142857142855,0.1547174603174603,0.025489841269841274,0.06596507936507937,0.08497396825396833,0.035937619047619045,0.06804142857142854,0.0799706349206349,0.020991428571428564,0.03431174603174603,0.053038412698412696,0.15874523809523808,0.041560476190476196,0.05414031746031748,0.07123349206349207
Cs,0.09119818045286471,0.06402248729205239,0.06385152495378991,0.05585231053604494,0.038540365064695874,0.03729771834565616,0.0471051236136791,0.052914631469501205,0.06445281885397465,0.07174896025878036,0.04929489371534271,0.07779101201478779,0.07906734634935299,0.06688855707024063,0.04830206792976005,0.0464852414510172,0.05470822550831834,0.07069512476894692,0.07033556492606324,0.06242918207024092,0.05005987176525025,0.056240942698706685,0.02162152264325331,0.08076416358595175,0.0333650415896493,0.05211435998151655,0.06294392329020414,0.03224502657116494,0.0491713435767107,0.06393546095194173,0.02190376617375234,0.030440463262477457,0.04141685536044446,0.1376528823937124,0.02735597273567496,0.048005753234751286,0.07207770910351265
Ba,0.05238862896967552,0.050165696633237715,0.04091412219436564,0.034186179262177964,0.02678125746179657,0.028794121597422225,0.03665722376432781,0.0306609285458463,0.049494377537010935,0.08042849734359768,0.035193588825216,0.08291133148280463,0.07617668785816357,0.06049097868911082,0.04972817797874864,0.03924229569603694,0.043445346078080926,0.06588764401265378,0.06524663846107778,0.06482367776981722,0.04924391490568339,0.05851232688634134,0.026383547486867994,0.09054784503342576,0.028802083333334227,0.05451561007640861,0.08130368388848784,0.02458641505491952,0.04806436917980017,0.06936047561485013,0.016743676128223774,0.029470458751194892,0.03799197483882629,0.24043062768624104,0.02426064798233105,0.06458213198423951,0.13164490807067378
La,0.0431448510867683,0.05337007874015842,0.04367316096490497,0.028023973393913132,0.021277000750823335,0.02933005891072986,0.10484126831334051,0.09002084496467079,0.08044956972065447,0.05569632096721515,0.04174902778045271,0.05771018712819916,0.061379083803400646,0.05524919623433484,0.04038179831738746,0.0430357940434719,0.04517674662611057,0.08534826155593488,0.09203329611304525,0.09077190863061257,0.05795877211558891,0.071740662841961,0.05705733207554511,0.1321019964191486,0.032856034499355695,0.07719272568007172,0.12094568084245892,0.019562457886529532,0.03905358277342572,0.04838291011300969,0.02023371291608124,0.031131124501858464,0.036714051941552216,0.21170355485820497,0.023812515642146644,0.06156375738790667,0.11252739060123304
Ce,0.03542674376905154,0.0478707728169271,0.039679980276134445,0.02494248700017926,0.03141788596019383,0.04261324188631917,0.02456299085529846,0.030549838622915472,0.04867283485745086,0.06390798816568143,0.04731415635646454,0.06198055406132414,0.07163599605522783,0.0641637349829667,0.03503704500627591,0.048338309126771194,0.050471839698763406,0.08486926663080605,0.11409556213017814,0.09788281334050657,0.053504957862650866,0.06761758113681271,0.093289259458491,0.1356685045723507,0.019824878967186585,0.04959279182356164,0.058358050923436336,0.021084005737851734,0.04269681728527921,0.043977658239197116,0.02043987807064719,0.035248780706473096,0.032542487000179296,0.14471135018827258,0.022830814057737018,0.05525633853326225,0.06396586874663879
Pr,0.03577500743531279,0.05734855507088363,0.041439278278973056,0.024170404976702593,0.029471076633290356,0.03960858035094675,0.04749893427183501,0.05908255675622119,0.07305230742539963,0.07472072965202797,0.047891828591256236,0.080456701695252,0.08166140824824099,0.07201401556458867,0.035189600475859964,0.04343393724596019,0.0443932908694359,0.081905075840191,0.11564159313968538,0.10453975413899158,0.055526246654109566,0.07365003221968931,0.05016320511549522,0.13358854218300864,0.02717444482997909,0.06187357489838435,0.07612714384851846,0.020150552691583258,0.039178757311390845,0.04209017795181911,0.018990383662139464,0.032720432239516074,0.03240554674333283,0.16188270794091458,0.024804984137999368,0.051660466441955155,0.07712482650936915
Nd,0.030268171488348584,0.04266077483587082,0.03367946035639593,0.021147139456027725,0.025720231224298423,0.042399998196378616,0.04531626506024135,0.05697569619796629,0.06492542024385056,0.06378719969699234,0.04547820323209039,0.06814203520669593,0.07059368912776946,0.06369379013058299,0.03380737320539643,0.039548932255970115,0.04140858343553885,0.08611849794387202,0.10281920496356738,0.09963398203592888,0.055826870355674796,0.06917932508477105,0.06844833525719722,0.14518953358343487,0.023494408772815698,0.05439777974172195,0.07170104970781431,0.022753733496861533,0.04283649267729642,0.046787858018902534,0.021003183392251556,0.034831631916889184,0.036904678594618025,0.14974104501839614,0.024871293557463266,0.05164548914219807,0.07158234434745059
Pm,0.0005000000000000002,0.0005000000000000002,0.0005000000000000002,0.0005000000000000002,0.0005000000000000002,0.0005000000000000002,0.0508,0.09559999999999999,0.0117,0.013000000000000001,0.0623,0.0025,0.0337,0.034800000000000005,0.0005000000000000002,0.0005000000000000002,0.0005000000000000002,0.2479,0.4604499999999999,0.31479999999999997,0.0359,0.042499999999999996,0.10230000000000002,0.05375,0.0005000000000000002,0.0005000000000000002,0.0005000000000000002,0.0005000000000000002,0.0005000000000000002,0.0005000000000000002,0.0005000000000000002,0.0005000000000000002,0.0005000000000000002,0.29250000000000004,0.1173,0.17134999999999997,0.0879
Sm,0.020121640007964462,0.05053109444481322,0.04235683945045461,0.023287864206544037,0.028903049711289618,0.0518066635693901,0.041466715338156206,0.04652920289374129,0.056421401075197525,0.0779472688657333,0.05356399747793184,0.08608490409504253,0.08467518417734157,0.07632954470033868,0.03868343067631242,0.04615197119532749,0.046674686400743265,0.08726320767239701,0.12199583526913191,0.10645138381894267,0.06037608681223877,0.07961921749518863,0.058414548350700174,0.13956461140240334,0.02253268732992636,0.05226015464259638,0.06243216964226465,0.023351795314263016,0.04556218888962628,0.04951657596070881,0.018455996548749017,0.031423276033716044,0.0323957323953009,0.14640290037831122,0.025970664365832705,0.05447356806265332,0.06282652485564481
Eu,0.03317630887653494,0.07157538640112465,0.0485949050033601,0.027172353228663914,0.026748029812450395,0.049577463498075736,0.025100968293725982,0.03686098723196278,0.07239719897367007,0.08369497220355598,0.051441291465575106,0.09109320972570156,0.09093031034272153,0.07867052049605998,0.04611159814283091,0.061717636996762366,0.06350100800293262,0.0876957663876845,0.14366645793878755,0.12659695155476894,0.07455108742134565,0.09850117600342181,0.060461390433135864,0.14264890952410111,0.02309835664976483,0.05928670047040144,0.06339590078807512,0.026785157920459404,0.05619092491905436,0.052626870914533476,0.0211510171665955,0.03995535768831307,0.03824262325126748,0.1428697385301495,0.02665100189382375,0.05840549208870424,0.06161144541511403
Gd,0.023756165291996485,0.0570507729929132,0.0508546856219178,0.02519574543043058,0.03159034484187845,0.0537912919136244,0.026041778919882144,0.039027997678948934,0.07275913913872505,0.07522931777676543,0.05082032577610192,0.0833743005761189,0.08351553239109803,0.07456612923281053,0.037803560326605146,0.05812729514651701,0.0598073320346507,0.09385501720064741,0.16187773034359818,0.14080776723173252,0.0590664504497043,0.07805405769469977,0.07353833879056726,0.12347639573921416,0.021562792721846864,0.05044179757118618,0.05239863016537531,0.021199175197910966,0.04475708749533744,0.040119399428026774,0.01999714013346041,0.03833425208272898,0.032950760558710046,0.1298847038587481,0.024233110208479965,0.04872151531479288,0.05312777179094005
Tb,0.08279194364822867,0.044873528694273565,0.042573367079344025,0.030357397694700135,0.035292004634994205,0.048794947246447645,0.03103493017015306,0.04183525949868874,0.06630725132646242,0.08128442702933505,0.058883271330121514,0.09312089101665003,0.08689883820211067,0.07760354028175921,0.03715200951393536,0.057411188022199425,0.05925776056595747,0.07406793925718151,0.12685187839238965,0.10516676831127714,0.04834553576873821,0.06285036896993369,0.05001510947124468,0.10726617673964817,0.019161157528816364,0.044022671830212655,0.044331981460023026,0.020490257364152085,0.04361983899493792,0.037215679697505465,0.017637311703360418,0.03684198328962604,0.032380725132646185,0.1270491400866021,0.023746920168323492,0.04893765627858749,0.05701704580106125
Dy,0.021342319159508752,0.055362497337971085,0.04449542131042804,0.021400244906651572,0.02982348974231562,0.052179775679704936,0.024918506424362868,0.036001685951586544,0.061488642010364206,0.07371061972030957,0.04417370625399308,0.08348104635479531,0.07793671470149789,0.06891992617306743,0.03807998509263862,0.05424934336622419,0.05594447007879609,0.08513120252715306,0.1383133030453618,0.11174034570881014,0.061675995598779086,0.0822382693263296,0.04408248739973006,0.11788217860438766,0.021651345211897537,0.04887172570455031,0.046133403137644566,0.021682845886278203,0.043432100518208144,0.0384243096471924,0.018995581032157337,0.03678799602470361,0.03263597643217144,0.14594235820259904,0.027361539007595713,0.0555831795272236,0.059643731809469636
Ho,0.021105648685435928,0.05691054158607361,0.048146213912171366,0.027890984311197114,0.032512196432409164,0.059212658499892525,0.02584692671394801,0.03676264417221858,0.06608901067411724,0.08744847410272978,0.05802457196074209,0.10212962962963013,0.0970824020345302,0.08555829572318972,0.041229009957733175,0.06795864675120021,0.07026952145569201,0.08802817178881049,0.1698991331757297,0.13059046135110033,0.06081605057668891,0.07990497170284432,0.0485380399742101,0.1087553728777139,0.018969517873773243,0.04353823697972624,0.04102364066193852,0.019830987176731905,0.041897163120567286,0.037956282685006025,0.016801615445232523,0.036668654631420515,0.029836449602407018,0.1414345046206757,0.026838562934307676,0.05191424887169557,0.05794815173006654
Er,0.034147427047379816,0.05161038594289325,0.04214410103545662,0.019772403514276723,0.029543222466269232,0.047226812048948956,0.02277196422968309,0.03257086601819885,0.06320412613743367,0.07898763727643593,0.04899739566990897,0.08695611860684073,0.08736545340445605,0.07552751804204613,0.03772185440853451,0.062322638845309405,0.06363214621901508,0.08543082836523415,0.16864535613429635,0.1237595544399129,0.0553929557577659,0.07436281769689387,0.047178522121117,0.11344871352369065,0.017764025729526275,0.03910994665829919,0.03614529337935349,0.021226466896768176,0.04599030436146849,0.03636336680263557,0.01693258550360848,0.036183432695324654,0.028255663633511147,0.13698540947599708,0.028098180106683412,0.052165045497332835,0.055402965171007214
Tm,0.021771512861310002,0.06219507425086176,0.04962881198621053,0.021691229116945123,0.0398265049058606,0.0678200742508619,0.022388590559533263,0.03267707504640682,0.059726597719437835,0.07182637231503582,0.038297964730840635,0.08480804163351885,0.0777628944577035,0.06652012065765053,0.031089830283744437,0.05051534738796078,0.05061793953858393,0.08499416600371243,0.18510458101299446,0.12800725934765328,0.05238570670909576,0.07273375762397241,0.04358104614160702,0.11185935428268359,0.019309334394059942,0.04385159771943787,0.036002452930257306,0.01922808936621586,0.03879653937947501,0.032752817555025196,0.014336714399363555,0.03265837974012202,0.025747679660567506,0.14966689870061015,0.028901617608061533,0.05603086051445239,0.05803934632723419
Yb,0.01915880548642859,0.03105103015220781,0.031553576595867855,0.02229774581862381,0.04514769373227637,0.09569810174199976,0.013313111291162763,0.022267984258348212,0.04338161930667269,0.1315355344638007,0.05544526592974139,0.14730120377336706,0.12917778806643979,0.1019849817697792,0.027757103999074013,0.05068263499045085,0.04945604491000635,0.13791428902135608,0.3092305833670914,0.2315270559638863,0.06852150008681096,0.099588677006772,0.047520357080849576,0.09986890155680388,0.022364025695931523,0.04783134151281892,0.04085751490248259,0.02381651137218594,0.05686894496209279,0.05331393599166623,0.019177426355691918,0.036602783725909985,0.04134413160483822,0.15549372070143022,0.034134975982406245,0.06306280745413527,0.06197894843451612
Lu,0.03142250973845304,0.04460261547022803,0.03410834724540902,0.018853422370617653,0.03908892598775733,0.06492287145242084,0.020952865887590398,0.03834479688369507,0.05815269894268224,0.069163021702838,0.04921505286588758,0.07952303839732888,0.07729474123539229,0.06781229827490262,0.029148024485253218,0.0499646911519197,0.051709988870339285,0.09030965498052299,0.20303113522537647,0.1395700055648307,0.053251335559265395,0.06919888703394544,0.0731878408458542,0.11420720645520317,0.015452142459655007,0.03654173622704515,0.030685642737896472,0.02821015581524769,0.058460517529215245,0.04584092932665559,0.013402615470228144,0.03021257651641631,0.024804702281580403,0.14100111296605503,0.027674290484140253,0.05621087924318306,0.05691427378964942
Hf,0.02735815917148722,0.05276110281769004,0.04192328326180267,0.025871827766374294,0.07801716738197434,0.09664160757604053,0.019579165889158485,0.03199015674566158,0.053501049636126105,0.08282662343720865,0.04343786154133229,0.08981129874976708,0.08810540679231228,0.07839314704235878,0.036527803694719176,0.07199052994961741,0.07305803321515196,0.07107694999066985,0.18164671580518796,0.11640630248180675,0.06475130621384567,0.09095894756484436,0.0419427131927598,0.08974846053368177,0.015789349692106734,0.03533679324500835,0.032332804627729084,0.019267074080985255,0.03956507743982087,0.04702306866952792,0.016933429744355293,0.04145766467624555,0.043022252285874224,0.13789561951856757,0.020765348012688953,0.04467214032468749,0.06297681470423579
Ta,0.0312876474145753,0.05086581493801074,0.05227149120912388,0.033690569787031825,0.036730485118147846,0.048873515054646335,0.025134163462784475,0.05151538943366933,0.06313401226834925,0.0827505723789372,0.053111765087044974,0.08933568404682787,0.08915283597563702,0.07325568059095505,0.039568469480323165,0.10153545509525332,0.09505531556438805,0.11309747721283932,0.3315317616311697,0.21333595403689004,0.07386199187869961,0.10718159531729331,0.029796481489481042,0.10155344723314258,0.018457859950753924,0.044446779558512325,0.03695211456218419,0.02575898526934212,0.05497766642187599,0.05599534537129052,0.01846362693852877,0.035539386150589734,0.04068543997580864,0.16482161216467164,0.026344734113784726,0.04745586202427774,0.07733164499546445
W,0.07438755719116706,0.16834763413927764,0.27505936804890513,0.128411301698097,0.009081414904967772,0.009704606488598019,0.020764101126644507,0.07636707913629469,0.06263731079443258,0.189915338987643,0.1819036792230983,0.19199048546936875,0.22736171492124121,0.22223036511926228,0.12811367253196201,0.4494511591949013,0.4320071387236277,0.16600842948080266,0.4778070148471027,0.3713503716295651,0.12974940096207252,0.16812507911821098,0.018988625061034707,0.17445918630305027,0.03577280865146323,0.07848121959599527,0.0491992920049886,0.025319558475144357,0.049133474691210016,0.03570516935819246,0.02121748919471336,0.03654212027777194,0.029305066278460412,0.060793607700232476,0.01678851926867736,0.030397673020236462,0.027877954500244998
Re,0.042667877156761555,0.04016192302020345,0.047495373101312466,0.03070271715086263,0.016127525438725854,0.04188698200855339,0.028694256009438136,0.046294407167084446,0.051098418374870974,0.08435671361156208,0.10248858944108583,0.08510575505087782,0.0923342980386377,0.06956932974487547,0.03427409305412186,0.15388161775549403,0.13704595561126742,0.12107235289780341,0.17059360713759122,0.1113110160743259,0.049100298628520764,0.05473750184338585,0.017736782922872795,0.04963139654918136,0.019534194809025268,0.08740462321191579,0.13892062380179976,0.03799459887922135,0.08605478542987786,0.12523820233004032,0.032208173573219354,0.06076489455832472,0.09115099174163131,0.2957083947795303,0.03147916973897659,0.062337782038047476,0.16789653074767802
Os,0.027318938028559524,0.08835193400804106,0.061968182448357154,0.025504367114931394,0.014474906418965759,0.03650041591570783,0.028570289754609714,0.08078774435047832,0.13186586718425086,0.1709289823929021,0.11276746845972545,0.22146152779703368,0.20830992652155889,0.17002963399417761,0.038036808540135934,0.1178596284486344,0.11053549147372804,0.1534613198391795,0.3137218217108004,0.18747826840427045,0.05236718425065856,0.07260054762234844,0.04146613752946071,0.09569149452377643,0.016099854429502285,0.05429599334534859,0.05145743795924027,0.028982427561347588,0.08220061000970459,0.06981304588936632,0.02107230001386384,0.06040433938721762,0.05616269236101484,0.2821921183973387,0.026372799112713164,0.07740284902259802,0.15963818799390003
Ir,0.01992510130779151,0.06175718364339664,0.05341315159329532,0.0369903066863142,0.028073310001841927,0.03366250690734932,0.05945047430466007,0.060183505249585406,0.05360158408546685,0.10199288543009785,0.12346514090992854,0.09513312764781746,0.11600363787069484,0.09607015564560716,0.037310807699392066,0.04750301620924653,0.05625006907349406,0.11589668907717855,0.267177910296556,0.16350858813777924,0.05147451188064086,0.06451795910849126,0.03882282648738267,0.09312357248111992,0.025460835328789892,0.044388100939399495,0.08213651224903297,0.02050983146067417,0.03845406612635845,0.07724447412046417,0.01573733652606373,0.02257241204641743,0.05539383403941783,0.28314422545588563,0.02147515656658686,0.0497631239638975,0.16308565113280593
Pt,0.029813103924275237,0.038358459869848156,0.06621034641425118,0.07204448497995168,0.035967807138631305,0.037540146585157426,0.08913383290606783,0.07072549792940275,0.038528626832314346,0.15488333990665978,0.11351156905278457,0.14714006113192754,0.14717582002235022,0.10984279892197538,0.038968612370998364,0.049414563202524124,0.05395369092223749,0.09107067968185154,0.15868926247288592,0.09711988102280998,0.04541799776506938,0.04756573325445345,0.045199401827384356,0.10064916518766906,0.02317435745743778,0.04013896009991442,0.07746550647472593,0.02739154013015188,0.05708328403339243,0.10216416880299807,0.018087836061263466,0.027304295668178588,0.06578273516071789,0.3144215473608086,0.025595198185762263,0.06010967593505554,0.17294238480247232
Au,0.06426760288443868,0.0375582514238476,0.06002582445342529,0.07866361611243634,0.06168513457652034,0.13406810352746584,0.07948059434135676,0.05778272551901593,0.039785022046665855,0.11185392935881021,0.0816080286606657,0.11324227218445783,0.11246772230387722,0.0797320181884996,0.036102321789454446,0.03981968813154534,0.04792158506338463,0.08985572065037732,0.07701580011023407,0.05648507257027412,0.052128306999816715,0.05527117398493524,0.03665959718905005,0.08289306218996936,0.029924915028477064,0.039681506062833244,0.09257545241594735,0.024797032886276008,0.038845053279441544,0.08856248851736245,0.02501805070733047,0.03602109360646709,0.1057537203747935,0.28045844433216754,0.022801407771449532,0.04374929955906683,0.16764049007900012
Hg,0.030013188976377968,0.03228761356753471,0.045058979406420584,0.050890929739551984,0.17758706844336783,0.3560824046032689,0.0679935342216841,0.07511939733494882,0.1045744397334955,0.14546862507571248,0.1711642186553609,0.15533213204118776,0.18777990611750478,0.1558776650514847,0.053410099939430765,0.09280248334342871,0.1032838734100552,0.11136830708661483,0.15066044821320493,0.11584956087219946,0.06660192307692338,0.08258251059963712,0.040576135675348346,0.1094045124167179,0.024756677771047852,0.04153802241066011,0.06272119927316801,0.03001500605693513,0.05455074197456098,0.07943874924288348,0.02064180799515443,0.03716685342216841,0.07670423985463368,0.22175722289521435,0.028363749242883072,0.04814675953967292,0.12655330102967913
Tl,0.0961095433840688,0.13079298133540784,0.07341548161315453,0.036326547050327784,0.02646822575269397,0.043458310187756824,0.033507443617375766,0.04962056993667373,0.11348622375291677,0.08206517331407673,0.06397975224975028,0.08737475002777523,0.09355800744361802,0.08569472836351574,0.06326859515609401,0.07652871903121919,0.0800348155760477,0.08747028107988057,0.11460980724364019,0.09445831018775751,0.05934779468947916,0.06785328019109024,0.04683450449950001,0.0880138595711594,0.030384471169869986,0.056109210087768126,0.07228810687701404,0.026392123097433606,0.04574995833796232,0.06724154260637741,0.018714323408510244,0.030110057215864898,0.04751878957893576,0.15982426952560866,0.022935187756915963,0.043671550383290667,0.08668154927230359
Pb,0.0635046952623293,0.13156892190718378,0.07551822064703828,0.0400803874348723,0.01794525475584631,0.02673095389555322,0.036944701926572565,0.054725993578093594,0.13029976978068444,0.10168593996122642,0.05673167333091076,0.1153054571065061,0.11475098449048786,0.10842302798982167,0.08713708651399575,0.1146101569126374,0.09708032685084249,0.10080697928026194,0.16624256331030937,0.14255760783957191,0.08406733914940122,0.10158595359263328,0.031291939294802,0.11662669635284124,0.02834880498000733,0.06478207167090844,0.07449506240155189,0.026366434932751617,0.046935856658185615,0.05463289864291856,0.022936530655519094,0.034916537925603106,0.04561362534835882,0.14073675481642908,0.022651346480067665,0.04657382921361992,0.06718034351145133
Bi,0.08231039265707975,0.12672960002854117,0.1421181405430465,0.13206867930923527,0.03066529596460479,0.031890699147251074,0.04081183769222516,0.0656456095907516,0.13999860402468742,0.130804902415525,0.08577523459521066,0.14571100189103037,0.14652502943589862,0.13512656099475168,0.0989341171013643,0.14531243087022902,0.13057827719698534,0.12264514129232323,0.19523467549148674,0.1567540229064797,0.10123095586398624,0.12382787133834962,0.041502756270739564,0.13365172869018854,0.03693077657259044,0.0632835836871583,0.06983102008777128,0.03631625753737441,0.054063126627894795,0.05931425054411795,0.029369799657472252,0.03987585631712244,0.043976527098868574,0.12104786455917185,0.03154980911264091,0.04458373175866136,0.05644522692403741
Po,0.003591836734693878,0.047602040816326546,0.05286734693877553,0.03817346938775507,0.0019285714285714292,0.0007040816326530614,0.01552040816326529,0.018908163265306106,0.016581632653061208,0.028112244897959163,0.06386734693877551,0.03003061224489794,0.04535714285714284,0.04611224489795918,0.022938775510204058,0.04089795918367345,0.046336734693877564,0.15763265306122448,0.6672551020408163,0.4063979591836735,0.0005000000000000001,0.0005000000000000001,0.03884693877551019,0.018724489795918363,0.0005000000000000001,0.0005000000000000001,0.0005000000000000001,0.005785714285714286,0.005091836734693878,0.010540816326530604,0.0005000000000000001,0.0005000000000000001,0.0005000000000000001,0.14590816326530615,0.020739795918367325,0.03745918367346937,0.05945918367346939
Ra,0.0005,0.0005,0.0005,0.0005,0.0005,0.0005,0.15249999999999997,0.0415,0.028,0.0005,0.0005,0.0005,0.0005,0.0005,0.0005,0.0005,0.0005,0.0505,0.2502500000000001,0.12549999999999997,0.0005,0.0005,0.25,0.25825,0.0005,0.0005,0.0005,0.0005,0.0005,0.0005,0.0005,0.0005,0.0005,0.0005,0.0005,0.0005,0.0005
Ac,0.0011315789473684212,0.0005000000000000001,0.0005000000000000001,0.0005000000000000001,0.0005000000000000001,0.0005000000000000001,0.0005000000000000001,0.0005000000000000001,0.0005000000000000001,0.04426315789473684,0.1087894736842105,0.008552631578947369,0.08555263157894738,0.08807894736842106,0.0005000000000000001,0.0005000000000000001,0.0005000000000000001,0.0005000000000000001,0.0005000000000000001,0.0005000000000000001,0.0416578947368421,0.04660526315789473,0.12080263157894733,0.23913157894736842,0.016026315789473684,0.04039473684210526,0.13868421052631577,0.00418421052631579,0.005342105263157895,0.03428947368421052,0.03355263157894737,0.025236842105263158,0.05207894736842105,0.05307894736842104,0.0005000000000000001,0.0105,0.03071052631578947
Th,0.022385271124417887,0.043153110445775196,0.03872334497671322,0.019194028609447786,0.022338364936793108,0.02083740851630072,0.028513597804391225,0.029244718895542275,0.04524147538256822,0.04689471057884236,0.035308882235528964,0.04389229873586165,0.0464012807717898,0.04210795076513642,0.03656337325349303,0.04099268130405855,0.0428163672654691,0.07158753326679984,0.08138730871590158,0.07070983033932145,0.0482546157684631,0.055967107451763184,0.049609156686626785,0.10793716733200254,0.019459414504324684,0.06393255156353957,0.08440943113772453,0.019307010978043902,0.04079923486360616,0.04258487192282112,0.019140635395874912,0.03306179308050565,0.03585229540918168,0.15086851297405182,0.02211464570858282,0.05522500831669998,0.06777848469727218
Pa,0.0010474452554744527,0.0007335766423357667,0.010843065693430656,0.055478102189781026,0.02994525547445256,0.011930656934306567,0.022383211678832116,0.006043795620437955,0.027007299270072987,0.08264598540145984,0.02301094890510948,0.08435036496350366,0.07641240875912408,0.07080656934306569,0.09022262773722628,0.041036496350364965,0.051664233576642335,0.022302919708029195,0.10868248175182481,0.061135036496350346,0.057434306569343056,0.08049635036496348,0.2149306569343066,0.24387956204379566,0.012401459854014597,0.041412408759124095,0.05414233576642334,0.012925182481751823,0.030864963503649638,0.035417883211678824,0.004587591240875909,0.0061204379562043755,0.005784671532846712,0.1657737226277373,0.015281021897810214,0.058675182481751846,0.08525912408759123
U,0.01985692696869152,0.03327932915010337,0.02262928315647677,0.013024080948782893,0.0949915979499985,0.5138093728440447,0.012710190873550312,0.021598286737409395,0.06515646046190834,0.07794543184730168,0.02620711094319795,0.08266160189230973,0.0777560284503439,0.05858078451986025,0.032220038437531004,0.054192401195835134,0.0534203817471016,0.06012097145109976,0.14751828246657114,0.11054510660665623,0.12163467098130673,0.19459953513584258,0.06366357304773472,0.2561828985840507,0.026547907289989764,0.07372083511284945,0.05529008837346877,0.032306539308124514,0.07468901737902094,0.05838557442754392,0.027174841486251135,0.0565190873550386,0.038571725418049395,0.14325618450014643,0.027718018003219495,0.0597796083971229,0.05088334866454281
Np,0.010987731733914928,0.009908124318429676,0.0035239912758996653,0.002401035986913847,0.07133587786259543,0.4497295528898583,0.009765812431842977,0.009467557251908391,0.05207660850599781,0.09488263358778626,0.02386586695746999,0.09812186477644493,0.08791384950926942,0.0649739640130862,0.03079212104689202,0.041677753544165724,0.04524482006543075,0.050510359869138516,0.13627739912758993,0.1027066521264994,0.1364058069792803,0.24812213740458014,0.039408805888767724,0.18246673936750274,0.0259038985823337,0.07510278080697926,0.05827017448200656,0.033742366412213724,0.07045719738276988,0.051422300981461326,0.02393347873500544,0.043310523446019614,0.028354961832061067,0.13874645583424222,0.026931706652126516,0.058901308615049094,0.050062840785169024
Pu,0.012859571540880502,0.07378616352201266,0.042837460691823925,0.02050039308176102,0.0251591981132075,0.057100628930817646,0.026532036163521996,0.02815015723270442,0.049603577044025224,0.06753675314465406,0.05738286163522011,0.06363522012578612,0.07581584119496851,0.065733195754717,0.06351159591194976,0.06916705974842766,0.07036242138364773,0.0812576650943396,0.10772906839622651,0.09454431996855352,0.07365389150943401,0.09298840408805037,0.05881161556603772,0.09380090408805036,0.018997641509433977,0.05630316430817607,0.053891705974842725,0.008881092767295576,0.021866352201257877,0.0258930817610063,0.01333736242138364,0.023838639937106915,0.027439072327044012,0.20597739779874222,0.01898860062893082,0.0656153694968553,0.09900550314465403
Am,0.005156156156156157,0.015755255255255257,0.00597147147147147,0.00865615615615615,0.013466966966966963,0.061303303303303296,0.013923423423423424,0.01045195195195195,0.02447297297297298,0.06107807807807809,0.030720720720720712,0.058447447447447454,0.06973423423423422,0.06056456456456454,0.012241741741741734,0.011809309309309304,0.009987987987987983,0.0846891891891892,0.14879579579579577,0.12224174174174175,0.038139639639639636,0.05077327327327328,0.052029279279279285,0.13786636636636634,0.022731231231231223,0.09240690690690692,0.10778528528528532,0.009665165165165164,0.025599099099099094,0.021828828828828823,0.007989489489489484,0.009055555555555553,0.016806306306306307,0.20097447447447456,0.018976726726726723,0.07151351351351351,0.09212987987987986
Cm,0.01195967741935485,0.09520967741935486,0.05054838709677422,0.009919354838709675,0.0005000000000000003,0.0005000000000000003,0.02808467741935484,0.030104838709677405,0.02712701612903226,0.1091451612903226,0.06334475806451614,0.10346975806451611,0.10553024193548385,0.08410887096774196,0.011258064516129027,0.026338709677419362,0.022758064516129037,0.09315322580645163,0.19263709677419352,0.15949395161290325,0.08151612903225806,0.11805443548387096,0.07595967741935483,0.16595161290322577,0.015647177419354855,0.05036693548387098,0.0642016129032258,0.006475806451612902,0.0174758064516129,0.01812903225806451,0.0109758064516129,0.013024193548387093,0.013820564516129025,0.21798790322580644,0.0229616935483871,0.08073387096774193,0.09219858870967743
Bk,0.0009927536231884061,0.16693478260869565,0.12189130434782612,0.02641304347826086,0.0038623188405797104,0.029456521739130437,0.04887681159420291,0.049340579710144924,0.018840579710144915,0.17400724637681167,0.09458695652173914,0.16945652173913042,0.16325362318840578,0.12473188405797102,0.0005000000000000001,0.0005000000000000001,0.0005000000000000001,0.14945652173913038,0.3315579710144928,0.2090869565217391,0.04919565217391304,0.06159420289855073,0.09543840579710146,0.06484782608695652,0.0005000000000000001,0.0005000000000000001,0.0005000000000000001,0.004239130434782609,0.00754347826086956,0.0029637681159420297,0.002847826086956522,0.006007246376811595,0.01252898550724637,0.37448550724637675,0.03177536231884059,0.09203623188405798,0.18068840579710146
Cf,0.004246031746031746,0.22200793650793652,0.1729126984126985,0.04037301587301587,0.004214285714285713,0.03221428571428571,0.024452380952380948,0.036801587301587294,0.0521031746031746,0.18089285714285724,0.10242857142857144,0.1783214285714286,0.1654047619047619,0.12113492063492069,0.0005000000000000002,0.0005000000000000002,0.0005000000000000002,0.12423809523809523,0.2225833333333334,0.1517777777777778,0.07019444444444442,0.08158730158730157,0.020174603174603175,0.09072222222222222,0.016746031746031745,0.05557142857142856,0.09127777777777779,0.011515873015873014,0.022376984126984124,0.024317460317460318,0.015019841269841265,0.02024603174603175,0.04728968253968254,0.3445873015873015,0.04247420634920635,0.13073412698412698,0.16303968253968254
Es,0.0005000000000000002,0.0005000000000000002,0.0005000000000000002,0.0005000000000000002,0.0005000000000000002,0.0005000000000000002,0.0005000000000000002,0.0005000000000000002,0.0005000000000000002,0.0088,0.0337,0.0012000000000000001,0.017,0.0177,0.0005000000000000002,0.0005000000000000002,0.0005000000000000002,0.22544999999999998,0.42150000000000015,0.2887,0.0005000000000000002,0.0005000000000000002,0.0005000000000000002,0.0005000000000000002,0.0054,0.0238,0.0653,0.005200000000000001,0.009000000000000001,0.0323,0.0176,0.006475,0.0201,0.29190000000000005,0.1145,0.16950000000000004,0.08670000000000001
