element,1,2,3,4,5,6,7,8,9,10,11,12,13,14,15,16,17,18,19,20,21,22,23,24,25,26,27,28,29,30,31,32,33,34,35,36,37,38,39,40,41,42,43,44,45,46,47,48,49,50,51,52,53,54,55,56,57,58,59
H,7.6660113,9.924782,0.0,0.0,0.0,10.352706,0.0,0.0,0.0,0.0,0.0,18.445984,13.2825775,0.0,0.0,0.0,46.21149,1.0859731,0.0,0.0,0.0,0.0,22.64776,0.0,9.93527,0.0,0.0,0.0,7.2110705,5.4970026,0.0,38.536682,0.0,0.0,9.1958,0.0,0.0,0.0,2.5951846,25.273449,0.0,0.0,0.0,10.55607,22.822926,0.0,0.0,0.66639966,0.0,0.040542983,0.0,0.0,0.0,0.0,0.0,0.0,0.0,0.0,0.0
He,0.0,0.81927603,0.0,7.062851,4.822449,0.0,5.5264587,4.6926017,5.8468523,6.482943,0.0,0.0,0.0,8.127186,5.362666,0.0,0.0,7.0011945,0.0,24.426779,0.13648038,6.2009788,0.0,0.0,0.0,10.441544,6.980874,26.146654,0.0,0.0,9.727602,0.0,1.5394908,8.085334,0.0,0.0,0.0,3.9485664,0.0,0.0,4.577383,6.275949,2.0857801,0.0,0.0,7.712447,0.0,4.7648463,0.0,0.0,0.38700366,0.0,3.0849206,0.0,6.6920743,6.0140486,0.0,0.53486586,9.013466
Li,6.507262,15.301344,0.0,0.0,0.0,5.002807,0.0,0.0,0.0,0.0,6.299511,0.0,0.0,0.0,0.0,6.839581,22.419306,0.0,15.595039,0.0,0.0,0.0,8.657384,16.481216,12.853007,0.0,0.0,0.0,5.3316693,5.906049,0.0,7.400747,0.0,0.0,0.0,0.0,0.0,0.0,0.0,23.678724,0.0,0.0,0.0,20.91095,8.422561,0.0,0.0,0.0,11.484843,33.16968,0.0,6.296158,0.0,7.4029403,0.0,0.0,0.0,0.0,0.0
Be,0.0,43.98596,1.7272503,0.0,10.757309,0.0,0.0,0.0,0.0,0.0,0.0,8.69666,0.0,0.0,0.0,0.0,15.238949,0.0,0.0,12.540372,3.662093,0.0,0.0,0.0,0.0,0.0,0.0,13.830517,0.0,0.0,0.0,39.023697,0.0,0.0,0.0,0.50136906,0.419621,0.0,8.804716,0.0,0.0,0.0,0.0,0.0,0.0,0.0,2.1369836,8.594247,0.0,0.0,0.0,0.0,0.0,0.0,0.0,0.0,3.0257661,0.0,0.0
B,0.3357921,39.390987,0.0,0.0,0.0,0.0,0.0,0.0,0.0,0.0,0.009311712,13.198363,2.808215,0.0,0.0,0.0,44.595108,0.0,6.297072,0.0,0.0,0.0,6.3823223,2.683236,7.26549,0.0,0.0,0.0,0.0,0.0,0.0,41.979458,0.0,0.0,0.0,0.0,0.0,0.0,4.854755,13.172907,0.0,0.0,0.0,13.382477,3.3891459,0.0,0.0,0.0,0.0,19.934536,0.0,0.0,0.0,0.0,0.0,0.0,0.0,0.0,0.0
C,5.5280085,15.3942,0.0,0.0,0.0,0.0,0.0,0.0,0.0,0.0,7.636517,1.6276193,9.077697,0.0,0.0,1.2882504,50.03826,0.04099476,13.828822,0.0,0.0,0.0,23.94031,0.0,11.142886,0.0,0.0,0.0,6.3568625,8.078697,0.0,25.724787,0.0,0.0,0.0,0.0,0.0,0.0,0.8804276,29.709656,0.0,0.0,0.0,26.916098,17.918806,0.0,0.0,0.0,0.0,23.501247,0.0,0.0,0.0,0.26979032,0.0,0.0,0.0,0.0,0.0
N,8.660734,17.218908,0.0,0.0,0.0,2.6859398,0.0,0.0,0.0,0.0,5.4674106,2.8534427,6.085046,0.0,0.0,1.8430028,43.214455,0.0,12.551854,0.0,0.0,0.0,20.736105,2.575291,12.76421,0.0,0.0,0.0,6.76029,6.267054,0.0,23.067442,0.0,0.0,0.11331107,0.0,0.0,0.0,0.19420654,32.258667,0.0,0.0,0.0,27.669502,16.386417,0.0,0.0,0.0,0.0,29.581438,0.0,0.0,0.0,2.390101,0.0,0.0,0.0,0.0,0.0
O,6.7651334,0.0,0.0,0.0,0.0,0.0,0.0,0.0,0.0,0.0,4.9047747,0.0,5.2344837,0.0,0.0,25.960747,22.242193,3.2602317,18.938492,0.0,0.0,0.0,32.403355,0.0,11.448718,0.0,0.0,0.0,12.31513,10.870299,0.0,8.15748,0.0,0.0,0.0,0.0,0.0,0.0,0.0,40.502445,0.0,0.0,0.0,43.59133,17.137224,0.0,0.0,0.0,0.0,36.300797,0.0,10.105432,0.0,3.2273102,0.0,0.0,0.0,0.0,0.0
F,6.928799,19.309975,0.0,0.0,0.0,2.1125124,0.0,0.0,0.0,0.0,3.7869,8.661433,8.569023,0.0,0.0,0.0,48.169296,0.0,9.400475,0.0,0.0,0.0,20.247398,0.0,11.564987,0.0,0.0,0.0,5.2667007,4.5690913,0.0,31.494627,0.0,0.0,1.2900739,0.0,0.0,0.0,1.7192128,28.392052,0.0,0.0,0.0,22.16976,17.224508,0.0,0.0,0.0,0.0,21.597006,0.0,0.0,0.0,0.0,0.0,0.0,0.0,0.0,0.0
Ne,0.0,1.5101373,0.061161373,1.489442,1.5810668,0.0,1.0508171,0.7091815,1.068213,1.2046938,0.0,0.15516675,0.3481569,1.0059701,0.8409886,0.0,0.0,1.3426777,0.0,8.680343,0.0,0.8245477,0.0,0.0,0.0,1.9295266,1.0275434,7.2501626,0.0,0.0,1.4777337,0.66537935,0.0,1.1055214,0.05457817,0.0,0.0,0.028235115,0.0,0.0,0.9964136,0.9847917,0.0,0.0,0.0,1.4929718,0.0,1.5445763,0.0,0.0,0.0,0.0,0.2571909,0.0,0.95273286,1.2067822,0.0,0.0,0.70923185
Na,10.636033,0.0,0.0,0.0,0.0,10.425732,0.0,0.0,0.0,0.0,4.1930075,0.0,0.63018465,0.0,0.0,26.571775,5.317553,0.61884856,17.27977,0.0,0.0,0.0,24.869093,6.874477,14.370305,0.0,0.0,0.0,13.701585,13.375601,0.0,0.0,0.0,0.0,2.9523625,0.0,0.0,0.0,0.0,38.6803,0.0,0.0,0.0,33.11111,16.295567,0.0,0.0,0.0,3.708856,34.07,0.0,15.455346,0.0,10.831674,0.0,0.0,0.0,0.0,0.0
Mg,3.0739355,0.85449415,0.0,0.0,0.0,6.648464,0.0,0.0,0.0,0.0,5.809659,0.0,0.0,0.0,0.0,14.078906,0.0,0.0,12.844362,0.0,0.0,0.0,0.0,23.658712,8.182882,0.0,0.0,0.0,4.1337466,7.5229697,0.0,0.0,0.0,0.0,0.024552196,0.68809265,0.89283204,0.0,0.0,8.520326,0.0,0.0,0.0,10.085167,0.0,0.0,0.0,0.0,23.720758,22.183838,0.0,24.651905,0.0,9.486225,0.0,0.0,0.0,0.0,0.0
Al,1.6090641,13.027417,0.0,0.0,0.0,0.0,0.0,0.0,0.0,0.0,4.8761525,0.0,0.0,0.0,0.0,17.090769,10.157943,0.0,18.421625,0.0,0.0,0.0,7.459768,13.402365,9.237833,0.0,0.0,0.0,4.193715,3.5572398,0.0,1.9947997,0.0,0.0,0.0,0.0,0.0,0.0,0.0,20.281687,0.0,0.0,0.0,27.318886,1.092621,0.0,0.0,0.0,14.902986,40.914135,0.0,17.174168,0.0,3.1872902,0.0,0.0,0.0,0.0,0.0
Si,2.2764513,35.013115,0.0,0.0,0.0,0.0,0.0,0.0,0.0,0.0,2.1723573,6.4666667,0.0,0.0,0.0,0.0,35.036453,0.0,11.164131,0.0,0.0,0.0,2.3528388,12.197659,8.817938,0.0,0.0,0.0,0.0,0.0,0.0,27.800665,0.0,0.0,0.0,0.0,0.0,0.0,2.3409252,14.423529,0.0,0.0,0.0,17.39359,0.84364635,0.0,0.0,0.0,6.6564646,31.586555,0.0,0.0,0.0,0.0,0.0,0.0,0.0,0.0,0.0
P,0.24050759,38.832165,0.0,0.0,0.0,0.0,0.0,0.0,0.0,0.0,7.358653,12.478329,0.2717622,0.0,0.0,0.0,48.14585,0.0,14.431905,0.0,0.0,0.0,0.0,11.606593,11.480335,0.0,0.0,0.0,0.0,3.6919093,0.0,29.72928,0.0,0.0,2.5823107,0.0,0.0,0.0,2.0829887,4.155177,0.0,0.0,0.0,4.7686796,3.1065102,0.0,0.0,1.0437874,0.0,10.7677,0.0,0.0,0.0,0.030518914,0.0,0.0,0.0,0.0,0.0
S,8.116145,14.3858795,0.0,0.0,0.0,5.7760468,0.0,0.0,0.0,0.0,15.827281,0.0,1.6766018,0.0,0.0,3.7363155,40.613842,0.0,23.903547,0.0,0.0,0.0,11.907317,13.551903,17.33935,0.0,0.0,0.0,7.4543405,18.718323,0.0,4.899014,0.0,0.0,3.7050776,0.0,0.0,0.0,0.0,22.464958,0.0,0.0,0.0,18.458096,15.053814,0.0,0.0,0.0,2.0007813,20.972805,0.0,10.347181,0.0,12.399679,0.0,0.0,0.0,0.0,0.0
Cl,11.216352,7.9039497,0.0,0.0,0.0,12.910232,0.0,0.0,0.0,0.0,7.231966,7.1748476,6.110407,0.0,0.0,0.0,36.737446,0.0,10.829202,0.0,0.0,0.0,17.174686,7.166598,15.588123,0.0,0.0,0.0,8.871176,12.379272,0.0,14.927817,0.0,0.0,8.138091,0.0,0.0,0.0,0.0,29.784332,0.0,0.0,0.0,15.403438,20.86473,0.0,0.0,0.0,0.0,15.071318,0.0,0.0,0.0,8.821534,0.0,0.0,0.0,0.0,0.0
Ar,0.0,1.5272571,0.06164715,1.3793359,2.0540504,0.0,1.0887623,1.0643014,1.3884965,1.1854212,0.0,0.0,0.03857582,1.506416,1.2853451,0.0,0.0,1.5731274,0.0,9.154341,0.3677851,1.1353723,0.0,0.17871593,0.0,2.5855584,1.456839,9.817944,0.0,0.0,2.1583874,0.42715353,0.10803006,1.535679,0.2225123,0.0,0.0,1.0574664,0.0,0.0,1.6631265,1.3438569,0.079371125,0.0,0.0,2.0827124,0.0,1.236633,0.0,0.0,0.0,0.0,0.5227022,0.0,1.2010045,1.4257523,0.0,0.0,1.9525912
K,14.4186735,0.0,0.0,0.0,0.0,17.876478,0.0,0.0,0.0,0.0,0.0599278,3.902084,3.430953,0.0,0.0,8.341835,13.723138,0.0,5.1014023,0.0,0.0,0.0,20.857265,9.663853,14.446079,0.0,0.0,0.0,12.316789,8.220956,0.0,9.95529,0.0,0.0,8.351516,0.0,0.0,0.0,0.0,38.735226,0.0,0.0,0.0,21.779633,20.056494,0.0,0.0,0.0,1.1330192,25.679537,0.0,0.0,0.0,9.243533,0.0,0.0,0.0,0.0,0.0
Ca,16.363007,0.0,0.0,0.0,0.0,24.693924,0.0,0.0,0.0,0.0,1.1619729,1.400472,0.0,0.0,0.0,12.701969,0.0,0.0,7.1730113,0.0,0.0,0.0,13.814409,21.090698,15.906429,0.0,0.0,0.0,13.689088,11.377509,0.0,0.0,0.0,0.0,11.143736,0.0,0.0,0.0,0.0,34.089764,0.0,0.0,0.0,16.268492,17.276571,0.0,0.0,0.0,8.25121,23.473074,0.0,5.4131274,0.0,15.91394,0.0,0.0,0.0,0.0,0.0
Sc,0.0,0.0,2.3702319,0.0,7.672279,0.0,0.0,0.0,0.0,0.0,3.0047207,3.7630146,0.0,0.0,0.0,0.0,0.0,0.0,0.0,0.0,1.2849406,0.0,0.0,12.774214,0.0,0.0,0.0,5.536301,0.0,0.0,0.0,0.0,0.0,0.0,1.5494791,4.5914097,2.2690039,0.0,0.0,0.0,0.0,0.0,0.0,0.0,0.0,0.0,3.0912318,7.411847,19.75647,0.0,0.0,9.732254,0.0,0.0,0.0,0.0,2.4969106,11.163065,0.0
Ti,4.136885,0.31422845,0.0,0.0,0.0,9.727107,0.0,0.0,0.0,0.0,12.878674,0.0,0.0,0.0,0.0,8.583724,1.0659759,0.0,18.795382,0.0,0.0,0.0,0.0,28.279902,12.587287,0.0,0.0,0.0,4.597435,16.02165,0.0,0.0,0.0,0.0,4.900665,1.3978331,0.7159142,0.0,0.0,2.2428908,0.0,0.0,0.0,2.6401064,2.0998602,0.0,0.0,0.0,20.700869,11.666546,0.0,27.673672,0.0,13.440992,0.0,0.0,0.0,0.0,0.0
V,0.0,21.950985,0.0,0.0,0.0,0.0,0.0,0.0,0.0,0.0,11.93251,0.0,0.0,0.0,0.0,0.0,23.105288,0.0,16.852108,0.0,0.0,0.0,0.0,19.411158,8.685782,0.0,0.0,0.0,0.0,7.347189,0.0,3.1619859,0.0,0.0,0.0,0.04300865,1.0030444,0.0,0.0,0.0,0.0,0.0,0.0,2.4454262,0.0,0.0,0.0,0.0,14.740066,12.304953,0.0,15.317048,0.0,5.729933,0.0,0.0,0.0,0.0,0.0
Cr,0.0,16.977116,0.0,0.0,5.675227,0.0,0.0,0.0,0.0,0.0,5.374341,0.0,0.0,0.0,0.0,0.15276894,0.0,0.0,5.312733,0.0,0.0,0.0,0.0,19.449871,0.0,0.0,0.0,0.9777762,0.0,0.0,0.0,0.8530109,0.0,0.0,0.0,5.323363,6.5462484,0.0,0.0,0.0,0.0,0.0,0.0,0.0,0.0,0.0,0.0,0.105888,26.643055,4.551553,0.0,19.56422,0.0,0.0,0.0,0.0,0.0,0.0,0.0
Mn,3.0537555,0.0,0.0,0.0,0.0,5.0634727,0.0,0.0,0.0,0.0,6.754772,0.0,0.0,0.0,0.0,20.198948,0.0,0.0,16.893736,0.0,0.0,0.0,1.5688283,21.212315,8.932818,0.0,0.0,0.0,5.0608225,9.479692,0.0,0.0,0.0,0.0,0.0,0.0,0.0,0.0,0.0,11.720521,0.0,0.0,0.0,15.544203,0.0,0.0,0.0,0.0,21.818962,27.58664,0.0,28.307444,0.0,9.589603,0.0,0.0,0.0,0.0,0.0
Fe,0.69842935,0.3781152,0.0,0.0,0.0,0.0,0.0,0.0,0.0,0.0,8.639762,0.0,0.0,0.0,0.0,28.578484,0.0,0.0,24.114672,0.0,0.0,0.0,8.573112,13.236711,9.94858,0.0,0.0,0.0,7.055619,12.085159,0.0,0.0,0.0,0.0,0.0,0.0,0.0,0.0,0.0,16.707216,0.0,0.0,0.0,25.301535,0.88115585,0.0,0.0,0.0,16.686825,33.96652,0.0,32.91729,0.0,8.396498,0.0,0.0,0.0,0.0,0.0
Co,0.0,9.949352,0.0,0.0,0.0,0.0,0.0,0.0,0.0,0.0,5.629143,0.0,0.0,0.0,0.0,14.050848,0.0,0.0,14.595237,0.0,0.0,0.0,0.0,20.446684,6.430492,0.0,0.0,0.0,1.4737374,4.2584987,0.0,0.0,0.0,0.0,0.0,0.0,1.3703113,0.0,0.0,7.4414525,0.0,0.0,0.0,14.615443,0.0,0.0,0.0,0.0,23.258713,29.260954,0.0,23.104635,0.0,4.24286,0.0,0.0,0.0,0.0,0.0
Ni,0.822555,14.434697,0.0,0.0,0.0,0.0,0.0,0.0,0.0,0.0,2.0316362,0.0,0.0,0.0,0.0,9.474994,1.3438078,0.0,9.636336,0.0,0.0,0.0,0.0,18.372969,5.9230127,0.0,0.0,0.0,0.9264474,0.0,0.0,3.0792134,0.0,0.0,0.0,0.0,1.1813806,0.0,0.0,10.495356,0.0,0.0,0.0,14.879576,0.0,0.0,0.0,0.0,20.237556,29.586216,0.0,13.920057,0.0,1.2059131,0.0,0.0,0.0,0.0,0.0
Cu,2.2421107,10.812818,0.0,0.0,0.0,0.0,0.0,0.0,0.0,0.0,3.1305351,0.0,0.0,0.0,0.0,17.890888,6.3952575,0.0,15.4075,0.0,0.0,0.0,8.640791,12.087061,8.330926,0.0,0.0,0.0,4.712286,2.377832,0.0,2.2666378,0.0,0.0,0.0,0.0,0.0,0.0,0.0,21.20772,0.0,0.0,0.0,27.896965,1.4322096,0.0,0.0,0.0,14.619315,38.80547,0.0,15.610524,0.0,3.1032038,0.0,0.0,0.0,0.0,0.0
Zn,1.0098314,20.92245,0.0,0.0,0.0,0.0,0.0,0.0,0.0,0.0,1.4338305,0.0,0.0,0.0,0.0,8.027709,7.1034703,0.0,9.985219,0.0,0.0,0.0,0.0,17.608196,6.572616,0.0,0.0,0.0,0.0,0.0,0.0,8.961164,0.0,0.0,0.0,0.0,1.5737195,0.0,0.0,11.079917,0.0,0.0,0.0,17.504246,0.0,0.0,0.0,0.0,19.352467,33.593487,0.0,10.230526,0.0,0.0,0.0,0.0,0.0,0.0,0.0
Ga,0.0,27.598976,0.0,0.0,0.0,0.0,0.0,0.0,0.0,0.0,0.029701864,0.2937819,0.0,0.0,0.0,1.0115998,14.808877,0.0,7.7535057,0.0,0.0,0.0,0.0,13.502962,4.6171265,0.0,0.0,0.0,0.0,0.0,0.0,18.851784,0.0,0.0,0.0,0.0,1.8870393,0.0,1.7390118,8.584045,0.0,0.0,0.0,16.372736,0.0,0.0,0.0,0.0,16.054821,32.745327,0.0,2.1680298,0.0,0.0,0.0,0.0,0.0,0.0,0.0
Ge,3.0873296,29.978197,0.0,0.0,0.0,0.0,0.0,0.0,0.0,0.0,3.8635414,4.5777583,0.0,0.0,0.0,0.0,30.9065,0.0,11.315832,0.0,0.0,0.0,2.5905542,12.477535,8.698549,0.0,0.0,0.0,0.18739222,0.0,0.0,21.799368,0.0,0.0,0.0,0.0,0.0,0.0,1.555788,13.326398,0.0,0.0,0.0,15.688202,2.255437,0.0,0.0,0.0,7.4905915,28.06142,0.0,0.0,0.0,0.0,0.0,0.0,0.0,0.0,0.0
As,0.0,34.16746,0.0,0.0,1.8690159,2.6815119,0.0,0.0,0.0,0.0,10.350249,10.861093,0.0,0.0,0.0,0.0,39.191856,0.0,15.599617,0.0,0.0,0.0,0.0,17.867376,11.69406,0.0,0.0,0.0,0.0,7.084231,0.0,18.844908,0.0,0.0,5.2237735,0.0,0.0,0.0,0.32296062,0.0,0.0,0.0,0.0,0.0,1.5070873,0.0,0.0,2.0175855,5.142342,2.8128605,0.0,3.4027977,0.0,4.0093017,0.0,0.0,0.0,0.0,0.0
Se,8.069798,18.730663,0.0,0.0,0.0,8.184357,0.0,0.0,0.0,0.0,15.532786,3.268431,1.5002874,0.0,0.0,0.0,44.23384,0.0,20.852762,0.0,0.0,0.0,5.645649,16.29749,17.466064,0.0,0.0,0.0,5.393416,17.348822,0.0,8.58653,0.0,0.0,7.1826982,0.0,0.0,0.0,0.0,15.287359,0.0,0.0,0.0,8.757662,14.267094,0.0,0.0,0.0,1.4608359,11.641006,0.0,5.9502225,0.0,12.2307625,0.0,0.0,0.0,0.0,0.0
Br,7.529114,14.346422,0.0,0.0,0.0,15.967543,0.0,0.0,0.0,0.0,4.2364273,18.119022,5.030499,0.0,0.0,0.0,37.14622,0.0,6.331536,0.0,0.0,0.0,7.2622185,9.340698,13.826285,0.0,0.0,0.0,5.6912885,9.071431,0.0,22.183441,0.0,0.0,12.567041,0.0,0.0,0.0,0.01722636,13.90694,0.0,0.0,0.0,0.341894,15.371546,0.0,0.0,1.7627175,0.0,0.0,0.0,0.0,0.0,5.491313,0.0,0.0,0.0,0.0,0.0
Kr,0.0,5.2718434,0.3708303,0.466556,4.24161,0.0,1.1243742,0.8575388,0.8530722,1.5924436,0.0,0.0,0.0,1.0448334,1.0759354,0.0,0.0,0.8747345,0.0,9.061849,1.5795424,0.4355473,0.0,3.0189226,0.0,1.9621391,1.457701,13.700457,0.0,0.0,1.0234395,2.9032204,0.0,0.69335556,0.5650696,0.0,0.0,0.0,0.0,0.0,0.0,0.6532209,0.0,0.0,0.0,4.308055,0.0,3.8377428,0.0,0.0,0.0,0.0,0.09676934,0.0,1.1200076,0.6755008,0.0,0.41627878,1.6594905
Rb,7.567001,16.751104,1.7297461,0.0,0.0,19.008673,0.0,0.0,0.0,0.0,0.0,22.15807,0.0,0.0,0.0,0.0,14.514628,0.0,0.0,0.0,0.0,0.0,1.5568368,16.050991,10.926492,0.0,0.0,0.0,3.5142388,0.0,0.0,22.275545,0.0,0.0,11.76311,0.0,0.0,0.0,0.0,11.194574,0.0,0.0,0.0,0.0,5.9388003,0.0,0.7611802,0.5992787,2.1700115,4.7154217,0.0,0.0,0.0,0.97657853,0.0,0.0,0.0,0.0,0.0
Sr,14.000576,6.716508,0.0,0.0,0.0,23.12699,0.0,0.0,0.0,0.0,0.0,11.507041,0.0,0.0,0.0,0.0,2.2501526,0.0,0.28463507,0.0,0.0,0.0,2.089784,25.57678,13.420752,0.0,0.0,0.0,7.6704645,2.4139588,0.0,6.2211633,0.0,0.0,10.499839,0.0,0.0,0.0,0.0,20.286808,0.0,0.0,0.0,4.4213867,9.653743,0.0,0.0,0.0,11.365039,17.040932,0.0,0.0,0.0,10.027209,0.0,0.0,0.0,0.0,0.0
Y,5.830102,0.8685243,5.152714,0.0,0.013114328,18.063496,0.0,0.0,0.0,0.0,1.6301842,12.427007,0.0,0.0,0.0,0.0,0.0,0.0,0.0,0.0,0.0,0.0,0.0,27.67696,4.1339536,0.0,0.0,0.0,3.0337214,2.139947,0.0,0.0,0.0,0.0,11.702176,4.322672,2.056352,0.0,0.0,0.0,0.0,0.0,0.0,0.0,0.0,0.0,1.2139143,1.9847087,17.64488,0.0,0.0,2.8110435,0.0,5.8184247,0.0,0.0,0.0,8.682593,0.0
Zr,1.2355989,0.8738457,1.730906,0.0,2.0133548,8.133429,0.0,0.0,0.0,0.0,4.138526,5.2872586,0.0,0.0,0.0,0.0,0.0,0.0,0.0,0.0,0.0,0.0,0.0,24.966967,0.44462243,0.0,0.0,0.0,0.0,2.8243027,0.0,0.0,0.0,0.0,5.4010453,5.2072964,3.5742524,0.0,0.0,0.0,0.0,0.0,0.0,0.0,0.0,0.0,0.0,2.3517957,22.478893,0.0,0.0,11.561681,0.0,2.6153073,0.0,0.0,0.0,5.80884,0.0
Nb,3.1212327,4.2104383,0.0,0.0,0.97398347,10.387513,0.0,0.0,0.0,0.0,14.124087,0.0,0.0,0.0,0.0,0.0,8.09458,0.0,15.436362,0.0,0.0,0.0,0.0,29.390535,9.982256,0.0,0.0,0.0,2.9749527,16.433107,0.0,0.0,0.0,0.0,7.4711804,2.8244886,0.8015376,0.0,0.0,0.0,0.0,0.0,0.0,0.0,2.082004,0.0,0.0,0.0,18.13105,0.29456854,0.0,23.030201,0.0,12.749588,0.0,0.0,0.0,0.0,0.0
Mo,5.0208817,12.50968,0.0,0.0,0.0,5.4285502,0.0,0.0,0.0,0.0,15.430228,0.0,0.0,0.0,0.0,0.9109426,26.6405,0.0,21.037348,0.0,0.0,0.0,1.4991612,20.441504,14.205772,0.0,0.0,0.0,4.2645793,16.404484,0.0,0.0,0.0,0.0,3.9062753,0.0,0.0,0.0,0.0,9.48735,0.0,0.0,0.0,6.286796,8.028553,0.0,0.0,0.0,10.550422,12.6586075,0.0,16.637518,0.0,12.66254,0.0,0.0,0.0,0.0,0.0
Tc,0.0,9.452106,0.0,0.0,7.967751,0.0,0.0,0.0,0.0,0.0,0.0,0.0,0.0,0.0,0.0,0.0,0.0,0.0,0.0,8.430098,4.6127415,0.0,0.0,8.152768,0.0,0.0,0.0,21.600061,0.0,0.0,0.0,2.9169886,0.0,0.0,0.30972567,0.0,0.0,0.0,0.0,0.0,3.8104692,0.0,0.0,0.0,0.0,3.3010862,0.3662481,4.162281,5.527769,0.0,1.3751945,1.4392253,0.0,0.0,0.0,0.0,1.0472553,4.4784913,0.0
Ru,0.0,15.896827,0.47740692,0.0,9.58705,0.0,0.0,0.0,0.0,0.0,3.6464481,2.2562156,0.0,0.0,0.0,0.0,0.0,0.0,0.0,0.0,0.5682247,0.0,0.0,20.506283,0.0,0.0,0.0,4.2461457,0.0,0.0,0.0,2.0053253,0.0,0.0,0.0,7.4732575,4.679939,0.0,0.0,0.0,0.0,0.0,0.0,0.0,0.0,0.0,0.0,5.6184797,24.244293,0.0,0.0,12.313336,0.0,0.0,0.0,0.0,0.41146812,1.4359668,0.0
Rh,0.0,28.906036,2.1092768,0.0,11.297708,0.0,0.0,0.0,0.0,0.0,0.0,8.416934,0.0,0.0,0.0,0.0,0.6677656,0.0,0.0,0.0,2.2054398,0.0,0.0,14.51882,0.0,0.0,0.0,7.305432,0.0,0.0,0.0,15.815422,0.0,0.0,0.51984155,5.739172,3.380756,0.0,1.7183725,0.0,0.0,0.0,0.0,0.0,0.0,0.0,3.1030657,9.410071,15.394444,0.0,0.0,3.8760314,0.0,0.0,0.0,0.0,2.7043202,0.0,0.0
Pd,0.0,31.590586,0.2648051,0.0,0.2364789,0.0,0.0,0.0,0.0,0.0,0.0,10.526015,0.0,0.0,0.0,0.0,2.9245558,0.0,0.0,0.0,0.0,0.0,0.0,14.563606,0.45541957,0.0,0.0,0.0,0.0,0.0,0.0,22.730074,0.0,0.0,0.0,3.46201,3.974244,0.0,2.7866848,0.0,0.0,0.0,0.0,0.0,0.0,0.0,0.0,1.4789423,16.037704,7.151892,0.0,0.0,0.0,0.0,0.0,0.0,0.0835052,0.0,0.0
Ag,6.778363,16.887243,0.0,0.0,0.0,5.3910995,0.0,0.0,0.0,0.0,1.3122543,6.359704,1.7594705,0.0,0.0,0.0,25.19792,0.0,6.368577,0.0,0.0,0.0,10.59089,8.991511,9.740443,0.0,0.0,0.0,4.1310377,0.7068262,0.0,19.415512,0.0,0.0,0.60995513,0.0,0.0,0.0,0.15926862,22.88374,0.0,0.0,0.0,16.461216,10.114405,0.0,0.0,0.0,4.423186,24.216967,0.0,0.0,0.0,2.1456861,0.0,0.0,0.0,0.0,0.0
Cd,0.10726249,22.51432,0.0,0.0,0.0,0.0,0.0,0.0,0.0,0.0,0.0,5.115458,0.0,0.0,0.0,0.0,7.5620494,0.0,3.3370535,0.0,0.0,0.0,0.0,18.267622,4.179054,0.0,0.0,0.0,0.0,0.0,0.0,12.833141,0.0,0.0,0.0,2.112801,3.4485006,0.0,0.43880767,2.4648464,0.0,0.0,0.0,3.460778,0.0,0.0,0.0,0.0,19.03878,17.220396,0.0,3.7486885,0.0,0.0,0.0,0.0,0.0,0.0,0.0
In,0.032467034,26.244038,0.0,0.0,0.0,0.0,0.0,0.0,0.0,0.0,3.6589253,3.2324862,0.0,0.0,0.0,0.0,13.015581,0.0,8.334192,0.0,0.0,0.0,0.0,20.931082,7.543806,0.0,0.0,0.0,0.0,0.0,0.0,12.279458,0.0,0.0,0.0,1.032046,2.8198612,0.0,0.08050727,0.89810157,0.0,0.0,0.0,4.5687523,0.0,0.0,0.0,0.0,19.097958,19.178034,0.0,7.9801555,0.0,0.0,0.0,0.0,0.0,0.0,0.0
Sn,4.7617383,22.421925,0.0,0.0,0.0,3.4275038,0.0,0.0,0.0,0.0,3.4794862,3.65833,0.0,0.0,0.0,0.0,18.404789,0.0,8.736575,0.0,0.0,0.0,0.0,18.85232,9.34836,0.0,0.0,0.0,0.63665825,0.0,0.0,12.644136,0.0,0.0,0.0,0.0,0.8987789,0.0,0.0,10.373136,0.0,0.0,0.0,10.764964,0.90277976,0.0,0.0,0.0,13.361403,23.798964,0.0,1.5411087,0.0,1.6516349,0.0,0.0,0.0,0.0,0.0
Sb,6.360688,19.568058,0.0,0.0,0.0,11.89328,0.0,0.0,0.0,0.0,9.529934,4.171752,0.0,0.0,0.0,0.0,22.948708,0.0,14.589624,0.0,0.0,0.0,0.0,26.15193,14.887196,0.0,0.0,0.0,3.4222448,8.899501,0.0,4.2187304,0.0,0.0,5.7019906,0.0,0.0,0.0,0.0,8.534004,0.0,0.0,0.0,4.8742747,4.501442,0.0,0.0,0.0,13.352709,15.897228,0.0,9.121519,0.0,10.446856,0.0,0.0,0.0,0.0,0.0
Te,3.9050539,21.626019,0.0,0.0,0.6197,10.172576,0.0,0.0,0.0,0.0,12.090558,9.257968,0.0,0.0,0.0,0.0,30.480124,0.0,15.590072,0.0,0.0,0.0,0.0,22.677963,13.661141,0.0,0.0,0.0,1.9645237,12.920288,0.0,6.82052,0.0,0.0,9.568114,0.0,0.0,0.0,0.0,0.0,0.0,0.0,0.0,0.0,5.510358,0.0,0.0,1.2282623,7.1184998,0.0,0.0,8.070054,0.0,9.88626,0.0,0.0,0.0,0.0,0.0
I,8.889806,6.1827154,0.0,0.0,0.0,17.479412,0.0,0.0,0.0,0.0,5.513756,14.474603,4.0331984,0.0,0.0,0.0,27.90663,0.0,6.2382503,0.0,0.0,0.0,5.516206,10.799188,13.629766,0.0,0.0,0.0,7.150101,12.7198925,0.0,12.168376,0.0,0.0,14.38204,0.0,0.0,0.0,0.0,12.013346,0.0,0.0,0.0,0.0,16.820942,0.0,0.0,1.9421169,0.0,0.0,0.0,0.0,0.0,8.71711,0.0,0.0,0.0,0.0,0.0
Xe,0.0,11.870854,3.0081499,0.0,8.220118,0.0,0.0,0.0,0.0,0.0,0.0,4.7992916,0.0,0.0,0.0,0.0,0.0,0.0,0.0,8.955184,3.5905719,0.0,0.0,7.586402,0.0,0.0,0.0,17.894335,0.0,0.0,0.0,8.700854,0.0,0.0,4.8133616,0.26500133,0.0,0.0,0.4757295,0.0,0.0,0.0,0.0,0.0,0.0,4.248692,2.3477983,7.058142,0.0,0.0,0.5860164,0.0,0.0,0.0,0.0,0.0,1.3667586,2.7015524,0.0
Cs,11.756835,12.377697,0.0,0.0,0.0,19.95772,0.0,0.0,0.0,0.0,0.0,19.712423,0.9384359,0.0,0.0,0.0,15.38176,0.0,0.0,0.0,0.0,0.0,7.38826,15.044859,12.070878,0.0,0.0,0.0,5.557761,0.0,0.0,22.629984,0.0,0.0,10.848876,0.0,0.0,0.0,0.0,20.793007,0.0,0.0,0.0,6.392914,10.585874,0.0,0.0,0.0,1.3516116,12.539386,0.0,0.0,0.0,2.2086039,0.0,0.0,0.0,0.0,0.0
Ba,11.715727,5.9619637,0.0,0.0,0.0,18.583504,0.0,0.0,0.0,0.0,0.0,11.945235,0.0,0.0,0.0,0.19121999,0.6145586,0.0,0.0,0.0,0.0,0.0,6.358609,17.938185,10.911346,0.0,0.0,0.0,6.430313,0.0,0.0,13.830748,0.0,0.0,7.8622947,0.0,0.0109416405,0.0,0.0,23.581968,0.0,0.0,0.0,9.515817,8.898423,0.0,0.0,0.0,7.854549,19.92467,0.0,0.0,0.0,4.149872,0.0,0.0,0.0,0.0,0.0
La,11.023902,12.642151,1.8032311,0.0,0.0,22.226618,0.0,0.0,0.0,0.0,0.0,17.007631,0.0,0.0,0.0,0.0,1.9942402,0.0,0.0,0.0,0.0,0.0,0.0,25.464756,11.368409,0.0,0.0,0.0,4.507275,0.0,0.0,13.048392,0.0,0.0,10.456249,0.1953385,0.9760617,0.0,0.0,12.189848,0.0,0.0,0.0,2.1509144,3.9435885,0.0,0.0,0.0,10.261727,12.617092,0.0,0.0,0.0,3.9596686,0.0,0.0,0.0,0.0,0.0
Ce,5.311915,10.134083,5.570664,0.0,0.0,19.096058,0.0,0.0,0.0,0.0,0.0,17.68539,0.0,0.0,0.0,0.0,0.0,0.0,0.0,0.0,0.0,0.0,0.0,23.43583,5.0737586,0.0,0.0,0.0,0.89394206,0.0,0.0,10.57742,0.0,0.0,11.761527,3.726328,2.1245375,0.0,0.0,0.0,0.0,0.0,0.0,0.0,0.0,0.0,2.0205848,2.0840988,10.208057,0.0,0.0,0.0,0.0,0.78146565,0.0,0.0,0.38446704,4.1801715,0.0
Pr,2.8285658,16.970928,7.78557,0.0,1.7548541,16.193596,0.0,0.0,0.0,0.0,0.0,21.346409,0.0,0.0,0.0,0.0,0.0,0.0,0.0,0.0,0.0,0.0,0.0,20.267097,1.4504769,0.0,0.0,0.0,0.0,0.0,0.0,12.726931,0.0,0.0,11.964854,4.8722467,2.0828552,0.0,0.0,0.0,0.0,0.0,0.0,0.0,0.0,0.0,4.282021,5.5481877,9.48507,0.0,0.0,0.0,0.0,0.0,0.0,0.0,1.6105503,7.743814,0.0
Nd,5.444849,14.473673,6.051408,0.0,0.0,17.729273,0.0,0.0,0.0,0.0,0.0,18.52726,0.0,0.0,0.0,0.0,0.0,0.0,0.0,0.0,0.0,0.0,0.0,23.25668,4.3510838,0.0,0.0,0.0,1.1159844,0.0,0.0,10.088541,0.0,0.0,10.950215,4.2287908,2.241865,0.0,0.0,0.0,0.0,0.0,0.0,0.0,0.0,0.0,2.0668514,1.650275,12.119605,0.0,0.0,0.0,0.0,0.0,0.0,0.0,0.2140796,5.4103656,0.0
Pm,0.0,0.28314817,0.0,10.094377,5.1631265,0.0,8.014513,6.582177,8.643478,8.684421,0.0,0.0,0.19541492,11.480028,7.739034,0.0,0.0,9.977333,0.0,31.284027,0.0,9.139722,0.0,0.0,0.0,14.529951,10.058232,31.261103,0.0,0.0,13.963666,0.0,2.2685575,11.597879,0.0,0.0,0.0,5.359582,0.0,0.0,5.9680257,9.296093,3.344103,0.0,0.0,10.382272,0.0,5.4948316,0.0,0.0,0.34868157,0.0,4.947631,0.0,9.469538,8.554217,0.0,0.0,12.523349
Sm,0.0,15.351883,10.055796,0.0,10.4435425,13.600206,0.0,0.0,0.0,0.0,0.0,20.887867,0.0,0.0,0.0,0.0,0.0,0.0,0.0,0.0,0.7239991,0.0,0.0,15.026006,0.0,0.0,0.0,2.578274,0.0,0.0,0.0,10.181662,0.0,0.0,13.398126,5.756525,0.48133004,0.0,0.0,0.0,0.0,0.0,0.0,0.0,0.0,0.0,9.710274,12.760424,5.017285,0.0,0.0,0.0,0.0,0.0,0.0,0.0,3.2833307,15.52549,0.0
Eu,0.4274239,13.868051,6.6168966,0.0,5.5306177,10.449707,0.0,0.0,0.0,0.0,0.0,15.880994,0.0,0.0,0.0,0.0,0.0,0.0,0.0,0.0,0.0,0.0,0.0,17.56896,0.0,0.0,0.0,0.0,0.0,0.0,0.0,8.1201725,0.0,0.0,9.09853,5.1004868,1.7158208,0.0,0.0,0.0,0.0,0.0,0.0,0.0,0.0,0.0,5.166656,7.3582363,9.982562,0.0,0.0,0.0,0.0,0.0,0.0,0.0,1.9792999,9.065581,0.0
Gd,1.2337635,4.68861,7.1721716,0.0,4.1077847,15.450869,0.0,0.0,0.0,0.0,0.9350236,15.460313,0.0,0.0,0.0,0.0,0.0,0.0,0.0,0.0,0.0,0.0,0.0,22.293434,0.0,0.0,0.0,0.0,0.372586,0.046916623,0.0,1.072154,0.0,0.0,13.074037,5.521395,2.0821242,0.0,0.0,0.0,0.0,0.0,0.0,0.0,0.0,0.0,4.6966515,7.024278,14.498191,0.0,0.0,0.30367953,0.0,1.1925447,0.0,0.0,1.029676,11.169426,0.0
Tb,0.2800625,4.3135138,7.33559,0.0,7.4023786,12.260402,0.0,0.0,0.0,0.0,0.0,16.149014,0.0,0.0,0.0,0.0,0.0,0.0,0.0,0.0,0.0,0.0,0.0,15.756743,0.0,0.0,0.0,0.0,0.0,0.0,0.0,2.4681537,0.0,0.0,11.334636,4.208876,1.1041834,0.0,0.0,0.0,0.0,0.0,0.0,0.0,0.0,0.0,6.1495824,10.692882,10.388302,0.0,0.0,0.0,0.0,0.0,0.0,0.0,2.311669,13.671047,0.0
Dy,0.0,3.557673,9.824741,0.0,10.156253,10.222948,0.0,0.0,0.0,0.0,0.0,17.473307,0.0,0.0,0.0,0.0,0.0,0.0,0.0,0.0,0.7862533,0.0,0.0,14.240167,0.0,0.0,0.0,3.4689236,0.0,0.0,0.0,1.326143,0.0,0.0,11.268724,4.711968,0.575415,0.0,0.0,0.0,0.0,0.0,0.0,0.0,0.0,0.0,9.078889,13.631079,9.874049,0.0,0.0,0.0,0.0,0.0,0.0,0.0,2.571895,18.007862,0.0
Ho,0.0,1.1993845,8.6879835,0.0,9.504153,7.684684,0.0,0.0,0.0,0.0,0.0,14.411235,0.0,0.0,0.0,0.0,0.0,0.0,0.0,0.0,0.94113964,0.0,0.0,14.388556,0.0,0.0,0.0,4.8118186,0.0,0.0,0.0,0.0,0.0,0.0,9.3895235,4.388625,1.0547574,0.0,0.0,0.0,0.0,0.0,0.0,0.0,0.0,0.0,8.201462,12.530578,13.758816,0.0,0.0,0.34793404,0.0,0.0,0.0,0.0,2.901544,18.583124,0.0
Er,0.0,0.6251498,7.891999,0.0,8.092604,9.579303,0.0,0.0,0.0,0.0,0.2509292,13.881589,0.0,0.0,0.0,0.0,0.0,0.0,0.0,0.0,0.18863916,0.0,0.0,14.573036,0.0,0.0,0.0,2.6025212,0.0,0.0,0.0,0.0,0.0,0.0,9.935049,4.2430735,0.9445334,0.0,0.0,0.0,0.0,0.0,0.0,0.0,0.0,0.0,6.8920712,11.679184,12.361006,0.0,0.0,0.39433482,0.0,0.0,0.0,0.0,2.2923207,16.039267,0.0
Tm,0.0,0.9667116,9.018292,0.0,11.30795,0.98324764,0.0,0.0,0.0,0.0,0.0,11.01392,0.0,0.0,0.0,0.0,0.0,0.0,0.0,0.0,3.5082023,0.0,0.0,7.4856462,0.0,0.0,0.0,13.826694,0.0,0.0,0.0,0.0,0.0,0.0,5.8117046,2.0554736,0.0,0.0,0.0,0.0,1.4074124,0.0,0.0,0.0,0.0,0.0,8.635055,14.898841,11.05572,0.0,0.0,0.0,0.0,0.0,0.0,0.0,4.861508,21.678707,0.0
Yb,0.0,0.089534685,6.392358,0.0,9.301,2.2297585,0.0,0.0,0.0,0.0,1.5232272,8.566688,0.0,0.0,0.0,0.0,0.0,0.0,0.0,0.0,1.7632984,0.0,0.0,12.83406,0.0,0.0,0.0,7.6204457,0.0,0.0,0.0,0.0,0.0,0.0,5.717996,3.5629396,1.1116488,0.0,0.0,0.0,0.0,0.0,0.0,0.0,0.0,0.0,6.241351,11.356273,15.715898,0.0,0.0,3.0340614,0.0,0.0,0.0,0.0,2.4060407,17.317802,0.0
Lu,0.0,0.13517474,7.6180444,0.0,10.126428,1.7180107,0.0,0.0,0.0,0.0,0.0,10.975273,0.0,0.0,0.0,0.0,0.0,0.0,0.0,0.0,2.9526172,0.0,0.0,9.143133,0.0,0.0,0.0,11.01665,0.0,0.0,0.0,0.0,0.0,0.0,5.0045776,2.9356213,0.29574317,0.0,0.0,0.0,0.82565594,0.0,0.0,0.0,0.0,0.0,7.901847,13.26469,12.230734,0.0,0.0,0.0,0.0,0.0,0.0,0.0,4.2261896,20.676556,0.0
Hf,0.0,5.9717827,4.695015,0.0,9.576139,0.0,0.0,0.0,0.0,0.0,0.20803583,6.690286,0.0,0.0,0.0,0.0,0.0,0.0,0.0,0.0,3.1350505,0.0,0.0,10.439433,0.0,0.0,0.0,10.702972,0.0,0.0,0.0,1.4177958,0.0,0.0,4.3350263,3.009789,0.3811146,0.0,0.0,0.0,0.0,0.0,0.0,0.0,0.0,0.0,5.9351344,10.023173,9.908753,0.0,0.0,2.161958,0.0,0.0,0.0,0.0,3.4956307,9.426281,0.0
Ta,0.0,2.4958093,0.94238776,0.0,7.3840775,3.3995278,0.0,0.0,0.0,0.0,7.971198,2.2321222,0.0,0.0,0.0,0.0,0.0,0.0,2.636824,0.0,0.0,0.0,0.0,21.4164,0.0,0.0,0.0,1.2401445,0.0,5.4242287,0.0,0.0,0.0,0.0,5.6253896,5.334983,2.5308616,0.0,0.0,0.0,0.0,0.0,0.0,0.0,0.0,0.0,0.58162886,5.307796,19.985785,0.0,0.0,14.815957,0.0,4.1265965,0.0,0.0,0.0,4.7770348,0.0
W,5.636574,7.368857,0.0,0.0,0.0,9.802636,0.0,0.0,0.0,0.0,15.316705,1.1939305,0.0,0.0,0.0,0.0,28.631245,0.0,19.245703,0.0,0.0,0.0,1.6829565,18.226479,15.28043,0.0,0.0,0.0,4.896623,19.222374,0.0,0.0,0.0,0.0,8.802873,0.0,0.0,0.0,0.0,6.7770414,0.0,0.0,0.0,0.0,11.306911,0.0,0.0,0.0,5.4688106,1.7706988,0.0,14.508773,0.0,14.385439,0.0,0.0,0.0,0.0,0.0
Re,0.0,17.610882,0.0,0.0,11.205447,0.0,0.0,0.0,0.0,0.0,3.8181686,0.0,0.0,0.0,0.0,0.0,0.0,0.0,0.0,0.0,3.4938436,0.0,0.0,14.024605,0.0,0.0,0.0,15.769413,0.0,0.0,0.0,3.2950041,0.0,0.0,0.0,4.600316,2.6313238,0.0,0.0,0.0,0.0,0.0,0.0,0.0,0.0,0.0,1.094052,6.4321775,16.26968,0.0,0.0,10.269188,0.0,0.0,0.0,0.0,1.7557628,0.0,0.0
Os,0.0,5.6256404,0.89140743,0.0,11.645566,0.0,0.0,0.0,0.0,0.0,3.8377533,0.0,0.0,0.0,0.0,0.0,0.0,0.0,0.0,0.0,2.2882407,0.0,0.0,12.976631,0.0,0.0,0.0,14.641489,0.0,0.0,0.0,0.0,0.0,0.0,0.0,5.1988416,1.5715158,0.0,0.0,0.0,0.0,0.0,0.0,0.0,0.0,0.0,0.7960251,9.929113,18.071852,0.0,0.0,11.545774,0.0,0.0,0.0,0.0,1.9750764,5.8497596,0.0
Ir,0.0,24.78745,1.6981658,0.0,13.80174,0.0,0.0,0.0,0.0,0.0,0.0,5.2302847,0.0,0.0,0.0,0.0,0.0,0.0,0.0,0.0,3.8406248,0.0,0.0,12.1092,0.0,0.0,0.0,13.924906,0.0,0.0,0.0,14.357521,0.0,0.0,0.0,4.7162104,2.3925176,0.0,1.3976074,0.0,0.0,0.0,0.0,0.0,0.0,0.0,3.3419192,11.328116,13.658286,0.0,0.0,3.6067617,0.0,0.0,0.0,0.0,3.2087262,0.6565652,0.0
Pt,0.0,27.671398,1.3378992,0.0,6.769367,0.0,0.0,0.0,0.0,0.0,0.0,8.021171,0.0,0.0,0.0,0.0,0.0,0.0,0.0,0.0,1.2254932,0.0,0.0,13.674749,0.0,0.0,0.0,2.6835775,0.0,0.0,0.0,16.533606,0.0,0.0,0.0,5.233333,3.756805,0.0,2.000194,0.0,0.0,0.0,0.0,0.0,0.0,0.0,0.8731896,5.2330437,15.662578,0.0,0.0,1.9958662,0.0,0.0,0.0,0.0,1.4503161,0.0,0.0
Au,0.0,27.120724,2.0761943,0.0,2.2738917,0.0,0.0,0.0,0.0,0.0,0.0,11.564961,0.0,0.0,0.0,0.0,0.38624188,0.0,0.0,0.0,0.09847403,0.0,0.0,12.977835,0.0,0.0,0.0,0.0,0.0,0.0,0.0,21.45494,0.0,0.0,0.0,3.9737716,3.706318,0.0,1.9030633,0.0,0.0,0.0,0.0,0.0,0.0,0.0,0.17361662,3.499874,12.217382,0.9811541,0.0,0.0,0.0,0.0,0.0,0.0,0.67580754,0.0,0.0
Hg,0.0,21.201366,3.162206,0.0,3.749399,1.7307968,0.0,0.0,0.0,0.0,0.0,18.513798,0.0,0.0,0.0,0.0,10.221622,0.0,0.0,0.0,0.72927076,0.0,0.0,7.749712,0.0,0.0,0.0,0.0,0.0,0.0,0.0,19.361702,0.0,0.0,3.9271908,1.5182217,1.0964177,0.0,1.4501164,0.0,0.0,0.0,0.0,0.0,0.0,0.0,4.124618,8.70295,7.159365,0.0,0.0,0.0,0.0,0.0,0.0,0.0,1.4756157,2.882586,0.0
Tl,0.70989317,24.618584,5.1104083,0.0,3.9276335,15.911159,0.0,0.0,0.0,0.0,0.0,23.404856,0.0,0.0,0.0,0.0,15.134873,0.0,0.0,0.0,0.0,0.0,0.0,15.814465,8.918177,0.0,0.0,0.0,0.0,0.0,0.0,22.854885,0.0,0.0,13.407695,3.7464018,0.3928264,0.0,0.6006225,0.0,0.0,0.0,0.0,0.0,0.0,0.0,4.721609,7.7530346,1.3277848,0.0,0.0,0.0,0.0,0.0,0.0,0.0,1.0999362,0.2575087,0.0
Pb,7.210004,17.620005,0.46135008,0.0,0.0,21.439783,0.0,0.0,0.0,0.0,5.114771,16.366238,0.0,0.0,0.0,0.0,19.287577,0.0,5.330482,0.0,0.0,0.0,0.0,27.854565,16.038706,0.0,0.0,0.0,3.1920116,7.911147,0.0,9.62913,0.0,0.0,14.752413,1.5854485,0.0,0.0,0.0,1.9020246,0.0,0.0,0.0,0.0,6.07682,0.0,0.2286872,1.78356,8.076259,0.24027087,0.0,0.33823213,0.0,8.92005,0.0,0.0,0.0,0.0,0.0
Bi,10.620921,15.51549,0.0,0.0,0.0,22.966902,0.0,0.0,0.0,0.0,7.7932024,11.911834,0.0,0.0,0.0,0.0,18.64847,0.0,9.877867,0.0,0.0,0.0,0.0,32.247837,18.179796,0.0,0.0,0.0,5.8401,10.955624,0.0,4.192902,0.0,0.0,13.055779,0.0,0.0,0.0,0.0,8.775753,0.0,0.0,0.0,0.0,7.3977456,0.0,0.0,0.0,12.242799,9.278286,0.0,4.1669374,0.0,13.750592,0.0,0.0,0.0,0.0,0.0
Po,0.0,0.8168651,0.0,4.6143336,3.0939581,0.0,3.6825352,2.8177147,4.0362453,4.2890363,0.0,0.0,0.0,5.3682914,3.625802,0.0,0.0,4.6612077,0.0,18.228285,0.024311347,4.068382,0.0,0.22711828,0.0,7.3414407,4.855894,19.13497,0.0,0.0,6.5999284,0.0,0.8458013,5.654923,0.0,0.0,0.0,2.3676276,0.0,0.0,3.2464924,4.129918,1.2175547,0.0,0.0,5.8221483,0.0,3.5739543,0.0,0.0,0.108176485,0.0,1.9559106,0.0,4.597814,4.001172,0.0,0.33518332,6.296474
At,0.0,0.0,0.0,2.0657535,0.9407378,0.0,1.5856886,1.3437804,1.7609309,1.7548385,0.0,0.0,0.046830505,2.3236413,1.5709172,0.0,0.0,2.020073,0.0,5.755291,0.0,1.8573912,0.0,0.0,0.0,2.8657367,2.0207906,5.793096,0.0,0.0,2.7928996,0.0,0.47743925,2.292265,0.0,0.0,0.0,1.0767812,0.0,0.0,1.1806706,1.875687,0.69090295,0.0,0.0,1.954262,0.0,0.98178536,0.0,0.0,0.08608855,0.0,1.016868,0.0,1.9394234,1.743926,0.0,0.0,2.4460742
Rn,0.0,0.0,0.0,2.0657535,0.9407378,0.0,1.5856886,1.3437804,1.7609309,1.7548385,0.0,0.0,0.046830505,2.3236413,1.5709172,0.0,0.0,2.020073,0.0,5.755291,0.0,1.8573912,0.0,0.0,0.0,2.8657367,2.0207906,5.793096,0.0,0.0,2.7928996,0.0,0.47743925,2.292265,0.0,0.0,0.0,1.0767812,0.0,0.0,1.1806706,1.875687,0.69090295,0.0,0.0,1.954262,0.0,0.98178536,0.0,0.0,0.08608855,0.0,1.016868,0.0,1.9394234,1.743926,0.0,0.0,2.4460742
Fr,0.0,0.0,0.0,2.0657535,0.9407378,0.0,1.5856886,1.3437804,1.7609309,1.7548385,0.0,0.0,0.046830505,2.3236413,1.5709172,0.0,0.0,2.020073,0.0,5.755291,0.0,1.8573912,0.0,0.0,0.0,2.8657367,2.0207906,5.793096,0.0,0.0,2.7928996,0.0,0.47743925,2.292265,0.0,0.0,0.0,1.0767812,0.0,0.0,1.1806706,1.875687,0.69090295,0.0,0.0,1.954262,0.0,0.98178536,0.0,0.0,0.08608855,0.0,1.016868,0.0,1.9394234,1.743926,0.0,0.0,2.4460742
Ra,0.0,0.052270267,0.0,7.5715656,3.5846956,0.0,5.8236065,4.960301,6.492808,6.4478836,0.0,0.0,0.17205325,8.587658,5.737196,0.0,0.0,7.4148774,0.0,22.080025,0.0,6.824126,0.0,0.0,0.0,10.719939,7.471887,22.204813,0.0,0.0,10.381318,0.0,1.6865164,8.537192,0.0,0.0,0.0,3.9526525,0.0,0.0,4.3808956,6.9211106,2.4968483,0.0,0.0,7.4052925,0.0,3.7641869,0.0,0.0,0.29743388,0.0,3.7442555,0.0,7.117156,6.465169,0.0,0.0,9.2160845
Ac,0.0,0.805065,0.0,8.6538,4.8858566,0.0,6.5154862,5.6085215,7.333619,7.8713937,0.0,0.0,0.0,9.795986,6.6817784,0.0,0.0,8.285358,0.0,27.974464,0.0,7.633068,0.0,0.0,0.0,12.613253,8.539439,28.8827,0.0,0.0,12.06285,0.0,1.9619826,9.792121,0.0,0.0,0.0,4.6202974,0.0,0.0,5.1904054,7.9914427,2.6997871,0.0,0.0,9.253213,0.0,4.727671,0.0,0.0,0.32103586,0.0,4.183639,0.0,8.259344,7.244185,0.0,0.0,10.898998
Th,0.0,12.515091,7.8548503,0.0,9.1172695,0.6148856,0.0,0.0,0.0,0.0,0.0,11.838226,0.0,0.0,0.0,0.0,0.0,0.0,0.0,5.269948,3.5777652,0.0,0.0,9.250698,0.0,0.0,0.0,14.68183,0.0,0.0,0.0,9.568018,0.0,0.0,6.606588,1.2000314,0.0,0.0,0.0,0.0,0.72533077,0.0,0.0,0.0,0.0,1.2314218,7.369,11.830497,1.3691638,0.0,0.0,0.0,0.0,0.0,0.0,0.0,3.5759609,12.944014,0.0
Pa,0.0,1.2029588,0.02513301,0.87843865,2.8745387,0.0,1.0373755,0.86252326,0.6516182,1.7981796,0.0,0.0,0.0,1.205552,1.1578965,0.0,0.0,0.9224369,0.0,8.4380865,0.4024048,1.0787041,0.0,1.6844369,0.0,2.0756874,1.2912565,10.651131,0.0,0.0,1.5594795,0.005771458,0.21274522,1.1972365,0.36865282,0.0,0.0,0.44540954,0.0,0.0,1.3365909,0.90353507,0.0,0.0,0.0,2.5035021,0.0,2.777218,0.34358746,0.0,0.0,0.0,0.31078482,0.0,1.0442901,0.82908845,0.0,0.95213115,2.0147326
U,0.786844,2.2933738,4.2969337,0.0,3.2857409,7.135131,0.0,0.0,0.0,0.0,0.8401458,8.629012,0.0,0.0,0.0,0.0,0.0,0.0,0.0,0.0,0.0,0.0,0.0,18.280739,0.0,0.0,0.0,0.0,0.0,0.0,0.0,0.0,0.0,0.0,5.565435,4.544114,2.5674632,0.0,0.0,0.0,0.0,0.0,0.0,0.0,0.0,0.0,1.2945572,5.0075846,16.764597,0.0,0.0,4.501691,0.0,0.94597924,0.0,0.0,0.5315287,9.3125105,0.0
Np,0.0,0.0,4.156427,0.0,7.0692253,0.0,0.0,0.0,0.0,0.0,0.50218534,1.6796421,0.0,0.0,0.0,0.0,0.0,0.0,0.0,5.468567,3.4138236,0.0,0.0,9.884964,0.0,0.0,0.0,19.424925,0.0,0.0,0.0,0.0,0.0,0.0,3.040662,0.9116739,0.0,0.0,0.0,0.0,2.5054038,0.0,0.0,0.0,0.0,2.8510675,3.9542613,9.537237,7.4273853,0.0,0.90272474,0.0,0.0,0.0,0.0,0.0,1.3441696,12.903585,1.3437659
Pu,0.0,7.764856,2.4688752,0.0,6.9519763,0.0,0.0,0.0,0.0,0.0,0.0,3.5278053,0.0,0.0,0.0,0.0,0.0,0.0,0.0,5.3609166,3.4460065,0.0,0.0,6.519538,0.0,0.0,0.0,15.918098,0.0,0.0,0.0,3.6637027,0.0,0.0,2.157188,0.2194449,0.0,0.0,0.0,0.0,2.1899981,0.0,0.0,0.0,0.0,2.9676557,2.1665978,7.011219,1.5601331,0.0,0.6646505,0.0,0.0,0.0,0.0,0.0,1.6103544,7.0667014,0.0
Am,0.0,1.9225097,0.7865197,0.2815022,2.3134997,0.0,0.23094808,0.16817057,0.22763823,0.3155254,0.0,0.73443097,0.0,0.31146532,0.33373937,0.0,0.0,0.10814725,0.0,4.5066385,0.89041656,0.11539303,0.0,1.842992,0.0,0.9522431,0.29360792,6.955903,0.0,0.0,0.6474345,0.62097096,0.0,0.57174146,0.6072716,0.0931502,0.0,0.019148052,0.0,0.0,0.8774692,0.13984318,0.0,0.0,0.0,1.5125722,0.29099023,2.2630703,1.0099283,0.0,0.19324699,0.0,0.047089763,0.0,0.291805,0.26816466,0.29932308,1.7895486,1.0088497
Cm,0.0,1.7874166,0.4519043,1.0536425,2.1623855,0.0,0.84680986,0.5976543,0.8268708,0.97703516,0.0,0.3104805,0.0,1.0444216,0.8272544,0.0,0.0,0.93630886,0.0,5.932051,0.6056629,0.7298321,0.0,1.4059268,0.0,1.8375366,0.99671835,7.6989217,0.0,0.0,1.5364124,0.62140644,0.016342588,1.1967754,0.4948696,0.0,0.0,0.4705861,0.0,0.0,1.112178,0.7237132,0.013781374,0.0,0.0,1.7563007,0.0,2.110645,0.5772418,0.0,0.16839536,0.0,0.3067239,0.0,0.98673975,0.80797774,0.216251,1.2560393,1.6921822
Bk,0.0,0.65516967,0.0,3.753264,2.481041,0.0,2.936858,2.3430488,3.103787,3.227082,0.0,0.0,0.0,4.2644467,2.8160076,0.0,0.0,3.7322476,0.0,12.576169,0.08301533,3.2576277,0.0,0.06552697,0.0,5.587234,3.732049,13.385763,0.0,0.0,5.138318,0.0,0.7331795,4.267074,0.0,0.0,0.0,1.9573051,0.0,0.0,2.3657146,3.4347422,1.1066558,0.0,0.0,4.0520897,0.0,2.4969492,0.0,0.0,0.21414042,0.0,1.6929967,0.0,3.59025,3.172168,0.0,0.37411016,4.7917247
Cf,0.0,1.4358134,0.14784648,1.6848291,1.9685661,0.0,1.233888,0.9486932,1.3927269,1.5760541,0.0,0.0,0.0,1.9809649,1.2783688,0.0,0.0,1.6103747,0.0,7.390496,0.3944467,1.3130422,0.0,0.7819382,0.0,2.8046494,1.7328123,8.813269,0.0,0.0,2.377445,0.36855522,0.21562946,1.9499131,0.13880588,0.0,0.0,0.8846891,0.0,0.0,1.2634298,1.505871,0.21379495,0.0,0.0,2.292022,0.0,1.9924632,0.35702825,0.0,0.16654168,0.0,0.6289826,0.0,1.6343926,1.3612796,0.0,0.8140741,2.523627
Es,0.0,0.26839122,0.0,3.1250615,1.6204062,0.0,2.409412,1.9636694,2.6599026,2.6899133,0.0,0.0,0.041563943,3.442451,2.30094,0.0,0.0,3.042837,0.0,9.575606,0.0,2.7504015,0.0,0.0,0.0,4.42206,3.0203924,9.715958,0.0,0.0,4.3084507,0.0,0.65739757,3.508337,0.020794876,0.0,0.0,1.6173531,0.0,0.0,1.8673693,2.8260887,0.94446504,0.0,0.0,3.1293209,0.0,1.7110616,0.0,0.0,0.09576698,0.0,1.4351457,0.0,2.905798,2.6298285,0.0,0.0025279191,3.8659148
Fm,0.0,0.0,0.0,2.0657535,0.94073784,0.0,1.5856886,1.3437803,1.7609309,1.7548385,0.0,0.0,0.046830505,2.3236413,1.5709172,0.0,0.0,2.020073,0.0,5.7552905,0.0,1.8573912,0.0,0.0,0.0,2.8657367,2.0207906,5.7930956,0.0,0.0,2.7928994,0.0,0.47743925,2.292265,0.0,0.0,0.0,1.0767812,0.0,0.0,1.1806706,1.875687,0.69090295,0.0,0.0,1.9542621,0.0,0.98178536,0.0,0.0,0.086088546,0.0,1.0168679,0.0,1.9394234,1.743926,0.0,0.0,2.4460745
Md,0.0,0.0,0.0,2.0657535,0.94073784,0.0,1.5856886,1.3437803,1.7609309,1.7548385,0.0,0.0,0.046830505,2.3236413,1.5709172,0.0,0.0,2.020073,0.0,5.7552905,0.0,1.8573912,0.0,0.0,0.0,2.8657367,2.0207906,5.7930956,0.0,0.0,2.7928994,0.0,0.47743925,2.292265,0.0,0.0,0.0,1.0767812,0.0,0.0,1.1806706,1.875687,0.69090295,0.0,0.0,1.9542621,0.0,0.98178536,0.0,0.0,0.086088546,0.0,1.0168679,0.0,1.9394234,1.743926,0.0,0.0,2.4460745
No,0.0,0.0,0.0,2.0657535,0.94073784,0.0,1.5856886,1.3437803,1.7609309,1.7548385,0.0,0.0,0.046830505,2.3236413,1.5709172,0.0,0.0,2.020073,0.0,5.7552905,0.0,1.8573912,0.0,0.0,0.0,2.8657367,2.0207906,5.7930956,0.0,0.0,2.7928994,0.0,0.47743925,2.292265,0.0,0.0,0.0,1.0767812,0.0,0.0,1.1806706,1.875687,0.69090295,0.0,0.0,1.9542621,0.0,0.98178536,0.0,0.0,0.086088546,0.0,1.0168679,0.0,1.9394234,1.743926,0.0,0.0,2.4460745
Lr,0.0,0.0,0.0,2.0657537,0.94073784,0.0,1.5856886,1.3437803,1.7609309,1.7548385,0.0,0.0,0.046830505,2.3236413,1.5709172,0.0,0.0,2.020073,0.0,5.755291,0.0,1.8573912,0.0,0.0,0.0,2.8657367,2.0207906,5.7930956,0.0,0.0,2.7928994,0.0,0.47743925,2.2922652,0.0,0.0,0.0,1.0767812,0.0,0.0,1.1806706,1.875687,0.69090295,0.0,0.0,1.9542621,0.0,0.98178536,0.0,0.0,0.086088546,0.0,1.0168679,0.0,1.9394234,1.743926,0.0,0.0,2.4460745
Rf,0.0,0.0,0.0,2.0657537,0.94073784,0.0,1.5856886,1.3437803,1.7609309,1.7548385,0.0,0.0,0.046830505,2.3236413,1.5709172,0.0,0.0,2.020073,0.0,5.755291,0.0,1.8573912,0.0,0.0,0.0,2.8657367,2.0207906,5.7930956,0.0,0.0,2.7928994,0.0,0.47743925,2.2922652,0.0,0.0,0.0,1.0767812,0.0,0.0,1.1806706,1.875687,0.69090295,0.0,0.0,1.9542621,0.0,0.98178536,0.0,0.0,0.086088546,0.0,1.0168679,0.0,1.9394234,1.743926,0.0,0.0,2.4460745
Db,0.0,0.0,0.0,2.0657537,0.94073784,0.0,1.5856886,1.3437803,1.7609309,1.7548385,0.0,0.0,0.046830505,2.3236413,1.5709172,0.0,0.0,2.020073,0.0,5.755291,0.0,1.8573912,0.0,0.0,0.0,2.8657367,2.0207906,5.7930956,0.0,0.0,2.7928994,0.0,0.47743925,2.2922652,0.0,0.0,0.0,1.0767812,0.0,0.0,1.1806706,1.875687,0.69090295,0.0,0.0,1.9542621,0.0,0.98178536,0.0,0.0,0.086088546,0.0,1.0168679,0.0,1.9394234,1.743926,0.0,0.0,2.4460745
Sg,0.0,0.0,0.0,2.0657535,0.94073784,0.0,1.5856886,1.3437803,1.760931,1.7548385,0.0,0.0,0.046830505,2.3236413,1.5709172,0.0,0.0,2.020073,0.0,5.7552905,0.0,1.8573912,0.0,0.0,0.0,2.8657367,2.0207906,5.7930956,0.0,0.0,2.7928994,0.0,0.47743925,2.292265,0.0,0.0,0.0,1.0767812,0.0,0.0,1.1806705,1.875687,0.69090295,0.0,0.0,1.9542621,0.0,0.98178536,0.0,0.0,0.08608854,0.0,1.0168679,0.0,1.9394234,1.743926,0.0,0.0,2.4460745
Bh,0.0,0.0,0.0,2.0657535,0.94073784,0.0,1.5856886,1.3437803,1.760931,1.7548385,0.0,0.0,0.046830505,2.3236413,1.5709172,0.0,0.0,2.020073,0.0,5.7552905,0.0,1.8573912,0.0,0.0,0.0,2.8657367,2.0207906,5.7930956,0.0,0.0,2.7928994,0.0,0.47743925,2.292265,0.0,0.0,0.0,1.0767812,0.0,0.0,1.1806705,1.875687,0.69090295,0.0,0.0,1.9542621,0.0,0.98178536,0.0,0.0,0.08608854,0.0,1.0168679,0.0,1.9394234,1.743926,0.0,0.0,2.4460745
Hs,0.0,0.0,0.0,2.0657535,0.94073784,0.0,1.5856886,1.3437803,1.760931,1.7548385,0.0,0.0,0.046830505,2.3236413,1.5709172,0.0,0.0,2.020073,0.0,5.7552905,0.0,1.8573912,0.0,0.0,0.0,2.8657367,2.0207906,5.7930956,0.0,0.0,2.7928994,0.0,0.47743925,2.292265,0.0,0.0,0.0,1.0767812,0.0,0.0,1.1806705,1.875687,0.69090295,0.0,0.0,1.9542621,0.0,0.98178536,0.0,0.0,0.08608854,0.0,1.0168679,0.0,1.9394234,1.743926,0.0,0.0,2.4460745
Mt,0.0,0.0,0.0,2.0657537,0.9407378,0.0,1.5856886,1.3437804,1.760931,1.7548385,0.0,0.0,0.046830505,2.3236413,1.5709172,0.0,0.0,2.020073,0.0,5.755291,0.0,1.8573912,0.0,0.0,0.0,2.8657367,2.0207906,5.7930956,0.0,0.0,2.7928996,0.0,0.47743925,2.2922652,0.0,0.0,0.0,1.0767812,0.0,0.0,1.1806706,1.875687,0.69090295,0.0,0.0,1.9542621,0.0,0.98178536,0.0,0.0,0.086088546,0.0,1.0168679,0.0,1.9394234,1.743926,0.0,0.0,2.4460745
Ds,0.0,0.0,0.0,2.0657537,0.9407378,0.0,1.5856886,1.3437804,1.760931,1.7548385,0.0,0.0,0.046830505,2.3236413,1.5709172,0.0,0.0,2.020073,0.0,5.755291,0.0,1.8573912,0.0,0.0,0.0,2.8657367,2.0207906,5.7930956,0.0,0.0,2.7928996,0.0,0.47743925,2.2922652,0.0,0.0,0.0,1.0767812,0.0,0.0,1.1806706,1.875687,0.69090295,0.0,0.0,1.9542621,0.0,0.98178536,0.0,0.0,0.086088546,0.0,1.0168679,0.0,1.9394234,1.743926,0.0,0.0,2.4460745
Rg,0.0,0.0,0.0,2.0657537,0.9407378,0.0,1.5856886,1.3437804,1.760931,1.7548385,0.0,0.0,0.046830505,2.3236413,1.5709172,0.0,0.0,2.020073,0.0,5.755291,0.0,1.8573912,0.0,0.0,0.0,2.8657367,2.0207906,5.7930956,0.0,0.0,2.7928996,0.0,0.47743925,2.2922652,0.0,0.0,0.0,1.0767812,0.0,0.0,1.1806706,1.875687,0.69090295,0.0,0.0,1.9542621,0.0,0.98178536,0.0,0.0,0.086088546,0.0,1.0168679,0.0,1.9394234,1.743926,0.0,0.0,2.4460745
Cn,0.0,0.0,0.0,2.0657535,0.9407378,0.0,1.5856886,1.3437804,1.7609309,1.7548385,0.0,0.0,0.046830505,2.3236413,1.5709172,0.0,0.0,2.020073,0.0,5.755291,0.0,1.8573912,0.0,0.0,0.0,2.8657367,2.0207906,5.793096,0.0,0.0,2.7928996,0.0,0.47743925,2.292265,0.0,0.0,0.0,1.0767812,0.0,0.0,1.1806706,1.875687,0.69090295,0.0,0.0,1.954262,0.0,0.98178536,0.0,0.0,0.08608855,0.0,1.016868,0.0,1.9394234,1.743926,0.0,0.0,2.4460742
Nh,0.0,0.0,0.0,2.0657535,0.9407378,0.0,1.5856886,1.3437804,1.7609309,1.7548385,0.0,0.0,0.046830505,2.3236413,1.5709172,0.0,0.0,2.020073,0.0,5.755291,0.0,1.8573912,0.0,0.0,0.0,2.8657367,2.0207906,5.793096,0.0,0.0,2.7928996,0.0,0.47743925,2.292265,0.0,0.0,0.0,1.0767812,0.0,0.0,1.1806706,1.875687,0.69090295,0.0,0.0,1.954262,0.0,0.98178536,0.0,0.0,0.08608855,0.0,1.016868,0.0,1.9394234,1.743926,0.0,0.0,2.4460742
Fl,0.0,0.0,0.0,2.0657535,0.9407378,0.0,1.5856886,1.3437804,1.7609309,1.7548385,0.0,0.0,0.046830505,2.3236413,1.5709172,0.0,0.0,2.020073,0.0,5.755291,0.0,1.8573912,0.0,0.0,0.0,2.8657367,2.0207906,5.793096,0.0,0.0,2.7928996,0.0,0.47743925,2.292265,0.0,0.0,0.0,1.0767812,0.0,0.0,1.1806706,1.875687,0.69090295,0.0,0.0,1.954262,0.0,0.98178536,0.0,0.0,0.08608855,0.0,1.016868,0.0,1.9394234,1.743926,0.0,0.0,2.4460742
Mc,0.0,0.0,0.0,2.0657535,0.94073784,0.0,1.5856886,1.3437803,1.760931,1.7548385,0.0,0.0,0.046830505,2.3236413,1.5709172,0.0,0.0,2.020073,0.0,5.755291,0.0,1.8573912,0.0,0.0,0.0,2.8657365,2.0207906,5.7930956,0.0,0.0,2.7928991,0.0,0.47743925,2.292265,0.0,0.0,0.0,1.0767812,0.0,0.0,1.1806706,1.875687,0.690903,0.0,0.0,1.9542621,0.0,0.9817853,0.0,0.0,0.086088546,0.0,1.0168679,0.0,1.9394234,1.743926,0.0,0.0,2.4460745
Lv,0.0,0.0,0.0,2.0657535,0.94073784,0.0,1.5856886,1.3437803,1.760931,1.7548385,0.0,0.0,0.046830505,2.3236413,1.5709172,0.0,0.0,2.020073,0.0,5.755291,0.0,1.8573912,0.0,0.0,0.0,2.8657365,2.0207906,5.7930956,0.0,0.0,2.7928991,0.0,0.47743925,2.292265,0.0,0.0,0.0,1.0767812,0.0,0.0,1.1806706,1.875687,0.690903,0.0,0.0,1.9542621,0.0,0.9817853,0.0,0.0,0.086088546,0.0,1.0168679,0.0,1.9394234,1.743926,0.0,0.0,2.4460745
Ts,0.0,0.0,0.0,2.0657537,0.94073784,0.0,1.5856886,1.3437804,1.7609309,1.7548385,0.0,0.0,0.046830505,2.323641,1.5709172,0.0,0.0,2.0200727,0.0,5.7552905,0.0,1.8573912,0.0,0.0,0.0,2.8657367,2.0207906,5.7930956,0.0,0.0,2.7928991,0.0,0.47743928,2.292265,0.0,0.0,0.0,1.0767812,0.0,0.0,1.1806706,1.8756869,0.69090295,0.0,0.0,1.954262,0.0,0.9817853,0.0,0.0,0.086088546,0.0,1.016868,0.0,1.9394233,1.743926,0.0,0.0,2.4460742
Og,0.0,0.0,0.0,2.0657537,0.94073784,0.0,1.5856886,1.3437804,1.7609309,1.7548385,0.0,0.0,0.046830505,2.323641,1.5709172,0.0,0.0,2.0200727,0.0,5.7552905,0.0,1.8573912,0.0,0.0,0.0,2.8657367,2.0207906,5.7930956,0.0,0.0,2.7928991,0.0,0.47743928,2.292265,0.0,0.0,0.0,1.0767812,0.0,0.0,1.1806706,1.8756869,0.69090295,0.0,0.0,1.954262,0.0,0.9817853,0.0,0.0,0.086088546,0.0,1.016868,0.0,1.9394233,1.743926,0.0,0.0,2.4460742
